"id","lab","condition","lang_group","rt_congruent","rt_incongruent","acc_congruent","acc_incongruent","interference","effort","difficulty","tiredness","frustration"
"S0001","Birt","depletion","English",0.4452,0.6162,0.96,0.76,0.171,4,5,6,4
"S0002","Birt","control","English",0.4797,0.8113,0.99,0.91,0.3315,7,1,1,2
"S0003","Birt","depletion","English",0.4833,0.7529,1,0.87,0.2697,6,4,1,1
"S0004","Birt","control","English",0.4999,0.7619,0.98,0.72,0.262,7,1,3,1
"S0005","Birt","depletion","English",0.5045,0.7878,1,0.86,0.2833,5,5,4,3
"S0006","Birt","depletion","English",0.5374,0.7985,1,0.9,0.2611,6,5,4,2
"S0007","Birt","control","English",0.5378,0.7551,1,0.95,0.2173,5,1,4,2
"S0008","Birt","control","English",0.5385,0.9456,1,0.95,0.407,4,3,2,2
"S0009","Birt","control","English",0.5428,0.788,1,0.82,0.2451,5,1,2,2
"S0010","Birt","control","English",0.5513,0.9772,0.99,0.83,0.426,7,1,5,1
"S0011","Birt","control","English",0.5522,0.8202,0.99,0.84,0.268,5,4,2,1
"S0012","Birt","control","English",0.5625,0.8782,1,0.95,0.3156,6,2,3,3
"S0013","Birt","control","English",0.5649,0.8609,1,0.92,0.296,5,1,1,2
"S0014","Birt","depletion","English",0.5696,0.8666,1,0.94,0.297,7,3,5,4
"S0015","Birt","depletion","English",0.5723,0.9148,1,0.8,0.3425,5,6,2,4
"S0016","Birt","control","English",0.5725,0.849,1,0.97,0.2765,6,2,2,1
"S0017","Birt","control","English",0.5752,0.9699,1,0.92,0.3947,6,1,1,1
"S0018","Birt","control","English",0.5756,0.9148,1,0.97,0.3392,3,1,3,3
"S0019","Birt","control","English",0.5834,0.9565,0.98,0.93,0.3731,5,3,2,1
"S0020","Birt","depletion","English",0.588,0.8538,1,0.97,0.2658,6,5,4,5
"S0021","Birt","depletion","English",0.5884,1.0968,1,0.92,0.5084,5,5,2,3
"S0022","Birt","control","English",0.5893,0.9284,1,0.96,0.339,5,1,1,1
"S0023","Birt","control","English",0.5898,0.9887,0.99,0.86,0.3989,4,3,5,3
"S0024","Birt","control","English",0.5931,0.9373,1,0.85,0.3442,3,2,3,1
"S0025","Birt","depletion","English",0.595,1.1104,1,0.92,0.5154,6,1,1,2
"S0026","Birt","depletion","English",0.5987,0.8632,1,0.78,0.2645,7,6,5,5
"S0027","Birt","control","English",0.5992,0.9276,0.99,0.89,0.3284,5,1,2,2
"S0028","Birt","control","English",0.6039,1.0178,0.96,0.65,0.4139,4,2,4,2
"S0029","Birt","depletion","English",0.6091,1.0669,1,0.9,0.4578,6,3,1,2
"S0030","Birt","depletion","English",0.6099,0.9627,0.99,0.9,0.3528,7,4,1,5
"S0031","Birt","depletion","English",0.6121,0.9724,0.99,0.91,0.3603,3,4,2,5
"S0032","Birt","depletion","English",0.6147,1.0338,1,0.84,0.4191,5,5,3,4
"S0033","Birt","control","English",0.619,0.8362,0.98,0.97,0.2171,6,1,6,1
"S0034","Birt","control","English",0.6228,0.9401,1,0.96,0.3173,2,1,3,4
"S0035","Birt","depletion","English",0.6287,0.9143,0.99,0.79,0.2856,5,3,5,2
"S0036","Birt","depletion","English",0.6295,1.019,1,0.98,0.3895,5,6,6,4
"S0037","Birt","depletion","English",0.6334,0.8982,1,0.84,0.2648,5,3,2,2
"S0038","Birt","depletion","English",0.6506,0.9848,1,0.91,0.3341,7,6,5,3
"S0039","Birt","depletion","English",0.653,0.9708,1,0.99,0.3177,6,5,1,4
"S0040","Birt","control","English",0.6747,0.9448,0.99,0.86,0.2701,6,2,4,3
"S0041","Birt","depletion","English",0.687,0.9654,1,0.97,0.2783,6,4,6,1
"S0042","Birt","control","English",0.6911,1.0556,1,0.97,0.3645,3,3,1,2
"S0043","Birt","depletion","English",0.6958,1.0586,1,0.97,0.3628,7,5,4,2
"S0044","Birt","control","English",0.7002,0.94,1,0.94,0.2398,5,1,3,1
"S0045","Birt","control","English",0.7119,1.1338,0.99,0.76,0.4219,6,2,6,3
"S0046","Birt","depletion","English",0.7272,0.977,1,0.96,0.2498,4,3,1,1
"S0047","Birt","control","English",0.7293,1.0068,1,0.93,0.2775,6,3,6,6
"S0048","Birt","depletion","English",0.7562,0.9908,1,0.99,0.2345,4,3,4,5
"S0049","Birt","depletion","English",0.7672,1.066,0.99,0.85,0.2988,6,6,6,7
"S0050","Birt","depletion","English",0.7698,1.0108,1,1,0.241,6,3,6,2
"S0051","Birt","depletion","English",0.7732,1.1579,0.95,0.88,0.3847,2,5,3,6
"S0052","Birt","depletion","English",0.7752,1.1294,0.99,0.94,0.3542,5,4,2,2
"S0053","Birt","depletion","English",0.78,1.1127,1,0.98,0.3327,5,2,1,1
"S0054","Birt","control","English",0.8142,1.0386,1,0.97,0.2244,3,2,3,1
"S0055","Birt","control","English",0.821,1.1284,1,0.87,0.3075,6,2,3,2
"S0056","Birt","depletion","English",0.9171,1.2053,1,0.96,0.2882,7,6,6,4
"S0057","Birt","depletion","English",0.9327,1.0286,0.99,0.9,0.0959,7,7,5,7
"S0058","Birt","control","English",0.9397,1.178,1,0.92,0.2383,5,3,4,4
"S0059","Birt","depletion","English",0.9481,1.2683,1,0.96,0.3201,4,3,2,4
"S0060","Brandt","control","NonEnglish",0.4095,0.6317,1,0.82,0.2222,6,2,5,3
"S0061","Brandt","depletion","NonEnglish",0.4144,0.6278,0.99,0.78,0.2134,5,3,1,1
"S0062","Brandt","depletion","NonEnglish",0.4305,0.7177,1,0.72,0.2872,6,2,5,2
"S0063","Brandt","depletion","NonEnglish",0.4318,0.8018,1,0.73,0.37,6,3,2,3
"S0064","Brandt","control","NonEnglish",0.4414,0.7844,1,0.83,0.343,3,2,5,4
"S0065","Brandt","depletion","NonEnglish",0.4501,0.6567,1,0.88,0.2066,6,2,4,1
"S0066","Brandt","depletion","NonEnglish",0.4518,0.7271,0.99,0.64,0.2753,4,3,3,2
"S0067","Brandt","depletion","NonEnglish",0.4539,0.7669,1,0.96,0.313,5,4,2,2
"S0068","Brandt","depletion","NonEnglish",0.4557,0.7296,1,0.77,0.274,5,5,3,4
"S0069","Brandt","control","NonEnglish",0.4567,0.7221,1,0.9,0.2654,3,2,6,3
"S0070","Brandt","depletion","NonEnglish",0.4598,0.6517,1,0.87,0.1919,3,3,4,3
"S0071","Brandt","control","NonEnglish",0.4644,0.7301,0.92,0.79,0.2656,4,3,5,5
"S0072","Brandt","control","NonEnglish",0.4764,0.6797,0.99,0.9,0.2033,3,2,3,1
"S0073","Brandt","depletion","NonEnglish",0.4793,0.7535,0.98,0.64,0.2742,5,4,5,3
"S0074","Brandt","depletion","NonEnglish",0.4847,0.7491,1,0.87,0.2643,3,5,3,2
"S0075","Brandt","control","NonEnglish",0.4857,0.6855,0.98,0.88,0.1998,2,2,6,1
"S0076","Brandt","control","NonEnglish",0.4889,0.9369,0.99,0.82,0.448,3,3,1,1
"S0077","Brandt","control","NonEnglish",0.489,0.9353,0.99,0.81,0.4463,6,2,2,2
"S0078","Brandt","depletion","NonEnglish",0.4915,0.7716,1,0.94,0.2801,6,6,6,5
"S0079","Brandt","control","NonEnglish",0.4959,0.7776,0.99,0.77,0.2817,6,2,2,1
"S0080","Brandt","depletion","NonEnglish",0.5011,0.8295,0.96,0.83,0.3283,3,4,4,2
"S0081","Brandt","control","NonEnglish",0.5034,0.7989,1,0.89,0.2955,3,2,2,2
"S0082","Brandt","depletion","NonEnglish",0.5034,0.889,1,0.8,0.3856,5,5,3,2
"S0083","Brandt","depletion","NonEnglish",0.5052,0.8175,1,0.8,0.3123,5,6,3,2
"S0084","Brandt","control","NonEnglish",0.5061,0.7139,0.99,0.87,0.2077,5,3,4,2
"S0085","Brandt","control","NonEnglish",0.5063,0.8712,1,0.88,0.3649,2,1,4,2
"S0086","Brandt","depletion","NonEnglish",0.5068,0.8224,0.99,0.95,0.3156,6,5,4,5
"S0087","Brandt","depletion","NonEnglish",0.5085,0.8227,1,0.91,0.3142,6,5,5,4
"S0088","Brandt","control","NonEnglish",0.5122,0.914,1,0.95,0.4018,6,2,7,1
"S0089","Brandt","control","NonEnglish",0.5176,0.8025,1,0.91,0.2849,3,1,4,2
"S0090","Brandt","control","NonEnglish",0.5176,0.8262,1,0.89,0.3085,5,2,4,1
"S0091","Brandt","control","NonEnglish",0.5182,0.7675,0.99,0.81,0.2494,3,2,4,2
"S0092","Brandt","control","NonEnglish",0.5231,1.1146,0.99,0.89,0.5914,6,3,5,1
"S0093","Brandt","depletion","NonEnglish",0.5232,0.8667,1,0.89,0.3435,6,6,4,6
"S0094","Brandt","control","NonEnglish",0.5248,0.7767,1,0.85,0.2519,1,1,3,1
"S0095","Brandt","control","NonEnglish",0.5285,0.8474,1,0.89,0.3189,5,3,5,4
"S0096","Brandt","control","NonEnglish",0.5311,0.9061,1,0.95,0.3749,3,2,4,5
"S0097","Brandt","depletion","NonEnglish",0.5322,0.8283,1,0.89,0.2961,5,6,5,3
"S0098","Brandt","depletion","NonEnglish",0.5341,0.9856,0.98,0.88,0.4515,6,5,2,4
"S0099","Brandt","control","NonEnglish",0.5368,0.8434,1,0.91,0.3066,4,2,5,1
"S0100","Brandt","control","NonEnglish",0.5388,0.8834,0.98,0.68,0.3446,2,2,1,1
"S0101","Brandt","control","NonEnglish",0.5408,0.8626,1,0.75,0.3219,3,3,5,4
"S0102","Brandt","depletion","NonEnglish",0.5426,0.8054,1,0.87,0.2628,6,5,3,3
"S0103","Brandt","depletion","NonEnglish",0.5478,0.8491,0.99,0.98,0.3013,3,2,2,1
"S0104","Brandt","control","NonEnglish",0.5544,0.8504,0.98,0.87,0.296,2,2,3,3
"S0105","Brandt","control","NonEnglish",0.5549,1.0056,1,0.8,0.4508,5,5,6,3
"S0106","Brandt","control","NonEnglish",0.5586,0.7624,0.98,0.81,0.2037,5,3,6,2
"S0107","Brandt","control","NonEnglish",0.5625,0.8524,1,0.94,0.2899,3,2,5,1
"S0108","Brandt","control","NonEnglish",0.563,0.9161,1,0.78,0.3531,4,2,6,1
"S0109","Brandt","control","NonEnglish",0.5634,0.8827,1,0.89,0.3193,2,4,2,3
"S0110","Brandt","depletion","NonEnglish",0.5673,0.7339,1,0.87,0.1666,6,6,3,4
"S0111","Brandt","control","NonEnglish",0.5698,0.9201,1,0.96,0.3503,2,2,4,4
"S0112","Brandt","depletion","NonEnglish",0.5756,0.8729,1,0.83,0.2973,6,5,4,2
"S0113","Brandt","depletion","NonEnglish",0.5792,0.911,1,0.96,0.3319,NA,NA,NA,NA
"S0114","Brandt","depletion","NonEnglish",0.5832,0.8791,1,0.92,0.2958,6,5,4,4
"S0115","Brandt","control","NonEnglish",0.5835,0.9233,0.99,0.91,0.3399,6,4,5,2
"S0116","Brandt","control","NonEnglish",0.5844,0.864,1,0.93,0.2796,6,3,2,1
"S0117","Brandt","control","NonEnglish",0.5897,0.8758,1,0.99,0.2861,3,2,5,2
"S0118","Brandt","control","NonEnglish",0.5963,0.9641,0.99,0.86,0.3678,5,3,6,1
"S0119","Brandt","control","NonEnglish",0.5982,1.0598,1,0.98,0.4616,NA,NA,NA,NA
"S0120","Brandt","depletion","NonEnglish",0.5993,0.9804,1,0.85,0.3811,3,3,1,1
"S0121","Brandt","depletion","NonEnglish",0.6002,0.9802,1,0.87,0.38,5,5,3,2
"S0122","Brandt","control","NonEnglish",0.6018,1.0228,1,0.81,0.421,4,3,2,1
"S0123","Brandt","depletion","NonEnglish",0.6018,0.9709,1,0.96,0.369,6,6,5,5
"S0124","Brandt","control","NonEnglish",0.6028,0.8231,1,0.91,0.2203,2,3,4,2
"S0125","Brandt","control","NonEnglish",0.6069,0.9388,1,0.93,0.3318,6,1,1,1
"S0126","Brandt","control","NonEnglish",0.6084,0.6751,0.96,0.95,0.0667,2,1,3,1
"S0127","Brandt","control","NonEnglish",0.6087,1.094,1,0.94,0.4853,5,2,4,4
"S0128","Brandt","depletion","NonEnglish",0.6186,1.2461,1,0.97,0.6275,3,5,6,5
"S0129","Brandt","control","NonEnglish",0.6192,0.9964,1,0.86,0.3772,5,1,2,1
"S0130","Brandt","control","NonEnglish",0.62,0.8216,1,0.92,0.2016,2,1,5,1
"S0131","Brandt","depletion","NonEnglish",0.6205,0.9323,0.99,0.97,0.3118,6,5,4,4
"S0132","Brandt","depletion","NonEnglish",0.6222,0.8387,1,0.88,0.2165,5,3,4,2
"S0133","Brandt","depletion","NonEnglish",0.6252,0.9168,1,0.93,0.2916,5,3,5,1
"S0134","Brandt","depletion","NonEnglish",0.6421,1.0173,0.98,0.87,0.3752,5,5,6,3
"S0135","Brandt","depletion","NonEnglish",0.6429,0.8778,1,0.92,0.2349,3,5,6,2
"S0136","Brandt","depletion","NonEnglish",0.6554,0.8666,1,0.95,0.2112,5,5,2,4
"S0137","Brandt","control","NonEnglish",0.662,0.9014,0.99,0.96,0.2394,2,2,2,2
"S0138","Brandt","depletion","NonEnglish",0.6692,0.9978,1,0.85,0.3286,3,3,1,1
"S0139","Brandt","depletion","NonEnglish",0.6746,0.8685,1,0.96,0.1939,5,4,5,4
"S0140","Brandt","control","NonEnglish",0.6803,0.8065,1,0.95,0.1262,1,1,5,1
"S0141","Brandt","depletion","NonEnglish",0.6812,0.9506,1,0.88,0.2694,5,6,5,4
"S0142","Brandt","depletion","NonEnglish",0.6874,0.9263,1,0.91,0.2389,6,5,3,5
"S0143","Brandt","depletion","NonEnglish",0.6937,0.9158,1,0.87,0.2221,3,2,6,3
"S0144","Brandt","control","NonEnglish",0.6969,0.9551,0.96,0.87,0.2581,5,3,5,2
"S0145","Brandt","depletion","NonEnglish",0.709,1.0898,1,0.97,0.3808,6,7,1,7
"S0146","Brandt","depletion","NonEnglish",0.7119,0.9862,0.98,0.92,0.2743,5,5,4,4
"S0147","Brandt","control","NonEnglish",0.7372,1.0558,1,0.97,0.3186,5,2,7,6
"S0148","Brandt","control","NonEnglish",0.74,1.1989,0.99,0.93,0.4589,2,2,5,1
"S0149","Brandt","control","NonEnglish",0.755,0.974,1,1,0.219,2,2,5,3
"S0150","Brandt","control","NonEnglish",0.7566,0.9463,0.99,0.92,0.1897,3,1,2,1
"S0151","Brandt","control","NonEnglish",0.7583,1.0813,1,0.99,0.323,3,1,6,5
"S0152","Brandt","depletion","NonEnglish",0.7587,1.0294,1,0.96,0.2707,5,4,5,1
"S0153","Brandt","depletion","NonEnglish",0.7718,0.9806,1,0.99,0.2088,3,2,4,2
"S0154","Brandt","depletion","NonEnglish",0.7832,1.1763,1,0.97,0.3931,6,4,3,3
"S0155","Brandt","depletion","NonEnglish",0.7984,1.1268,0.93,0.78,0.3284,5,5,5,2
"S0156","Brandt","control","NonEnglish",0.8244,1.0766,0.99,0.97,0.2522,5,2,2,1
"S0157","Brandt","control","NonEnglish",0.8275,0.996,1,0.87,0.1685,3,3,5,2
"S0158","Brandt","depletion","NonEnglish",0.829,1.1672,0.99,0.93,0.3382,6,5,2,1
"S0159","Brandt","control","NonEnglish",0.8683,0.9741,1,0.9,0.1059,2,3,5,1
"S0160","Brandt","depletion","NonEnglish",0.8689,0.914,0.99,0.91,0.0451,6,5,2,1
"S0161","Brandt","control","NonEnglish",1.0172,1.0724,1,0.92,0.0553,4,3,6,1
"S0162","Brewer","control","English",0.4345,0.6732,1,0.72,0.2387,7,1,1,1
"S0163","Brewer","depletion","English",0.4353,0.8106,1,0.68,0.3753,6,3,1,4
"S0164","Brewer","control","English",0.4454,0.8192,1,0.94,0.3738,5,2,3,1
"S0165","Brewer","depletion","English",0.4466,0.7798,1,0.76,0.3331,5,4,4,4
"S0166","Brewer","depletion","English",0.4484,0.6288,1,0.79,0.1804,3,3,1,3
"S0167","Brewer","depletion","English",0.4635,0.8923,1,0.7,0.4288,5,5,1,1
"S0168","Brewer","depletion","English",0.4706,0.7948,1,0.95,0.3242,6,5,3,4
"S0169","Brewer","control","English",0.4751,0.6692,0.99,0.8,0.1942,5,1,1,1
"S0170","Brewer","control","English",0.4797,0.8349,0.99,0.92,0.3552,6,4,2,3
"S0171","Brewer","control","English",0.4833,0.8629,0.98,0.88,0.3796,1,1,7,1
"S0172","Brewer","control","English",0.485,0.7109,1,0.94,0.2259,2,1,2,1
"S0173","Brewer","depletion","English",0.4855,0.8147,0.97,0.74,0.3293,6,5,4,4
"S0174","Brewer","depletion","English",0.4904,0.7356,0.99,0.78,0.2452,5,6,5,1
"S0175","Brewer","control","English",0.4908,0.8794,0.99,0.86,0.3886,6,4,2,3
"S0176","Brewer","depletion","English",0.4932,0.9014,0.98,0.66,0.4082,4,5,3,5
"S0177","Brewer","control","English",0.5049,0.7295,1,0.98,0.2246,3,2,3,1
"S0178","Brewer","control","English",0.509,0.7615,1,0.89,0.2525,2,1,3,4
"S0179","Brewer","depletion","English",0.5123,0.733,1,0.92,0.2207,6,5,6,6
"S0180","Brewer","control","English",0.5139,0.7825,1,0.96,0.2686,5,2,2,1
"S0181","Brewer","control","English",0.5189,0.9341,0.99,0.9,0.4152,2,2,4,1
"S0182","Brewer","control","English",0.5227,0.9937,0.97,0.69,0.4711,5,2,1,3
"S0183","Brewer","depletion","English",0.5338,0.8419,1,0.89,0.3081,5,2,4,2
"S0184","Brewer","control","English",0.5341,0.8923,1,0.97,0.3582,1,1,7,2
"S0185","Brewer","depletion","English",0.5363,0.8138,1,0.97,0.2775,5,5,2,4
"S0186","Brewer","depletion","English",0.5364,0.9305,1,0.9,0.3942,5,4,2,1
"S0187","Brewer","control","English",0.5392,0.8431,0.95,0.85,0.3038,3,2,1,1
"S0188","Brewer","control","English",0.5405,0.8673,0.99,0.91,0.3268,1,1,4,2
"S0189","Brewer","depletion","English",0.5412,0.9263,1,0.85,0.3852,6,4,2,4
"S0190","Brewer","depletion","English",0.5427,0.9311,1,0.76,0.3884,4,4,1,2
"S0191","Brewer","depletion","English",0.546,0.817,1,0.94,0.2709,7,5,1,2
"S0192","Brewer","control","English",0.5528,0.9005,0.98,0.88,0.3477,5,1,4,1
"S0193","Brewer","depletion","English",0.5584,0.7724,0.99,0.96,0.214,3,3,5,3
"S0194","Brewer","control","English",0.5604,0.7538,0.98,0.95,0.1934,6,1,1,1
"S0195","Brewer","control","English",0.5609,0.8669,1,0.94,0.306,1,1,4,2
"S0196","Brewer","depletion","English",0.5631,1.0368,0.99,0.94,0.4738,3,4,4,5
"S0197","Brewer","depletion","English",0.5739,0.9668,1,0.72,0.3929,4,3,6,3
"S0198","Brewer","depletion","English",0.5758,1.0116,1,0.98,0.4358,6,2,4,4
"S0199","Brewer","control","English",0.5761,0.8854,1,0.86,0.3094,1,1,1,1
"S0200","Brewer","depletion","English",0.58,0.969,1,0.81,0.389,6,4,1,1
"S0201","Brewer","control","English",0.5829,0.9965,0.97,0.7,0.4136,6,1,1,1
"S0202","Brewer","control","English",0.583,0.9842,1,1,0.4012,2,1,1,1
"S0203","Brewer","control","English",0.5891,0.8883,0.99,0.92,0.2991,6,1,5,1
"S0204","Brewer","depletion","English",0.5931,0.8597,0.97,0.81,0.2666,6,2,1,1
"S0205","Brewer","depletion","English",0.5955,0.9057,1,0.98,0.3101,6,5,2,6
"S0206","Brewer","control","English",0.5966,0.8629,1,0.93,0.2663,3,1,3,2
"S0207","Brewer","control","English",0.5993,0.9081,0.99,0.94,0.3088,6,2,4,3
"S0208","Brewer","control","English",0.6001,0.8747,1,1,0.2746,5,2,4,1
"S0209","Brewer","control","English",0.6005,0.9486,1,0.94,0.3481,6,2,5,1
"S0210","Brewer","control","English",0.6014,0.8512,1,0.95,0.2498,2,1,1,1
"S0211","Brewer","depletion","English",0.6107,0.9716,0.99,0.77,0.3609,5,4,4,3
"S0212","Brewer","depletion","English",0.6108,0.9253,0.99,0.93,0.3145,5,4,7,4
"S0213","Brewer","control","English",0.6124,0.8907,1,0.91,0.2783,2,1,3,1
"S0214","Brewer","control","English",0.6137,0.8879,1,0.79,0.2742,7,2,2,1
"S0215","Brewer","depletion","English",0.6144,1.0204,1,0.93,0.406,6,3,1,1
"S0216","Brewer","control","English",0.6205,0.92,1,0.94,0.2995,6,1,3,1
"S0217","Brewer","control","English",0.6213,0.8834,1,0.92,0.262,1,2,3,2
"S0218","Brewer","control","English",0.6323,0.8114,1,0.94,0.1791,2,1,5,1
"S0219","Brewer","depletion","English",0.6474,0.9703,0.98,0.94,0.3228,2,3,4,3
"S0220","Brewer","control","English",0.6495,0.8761,0.99,0.92,0.2267,5,1,1,1
"S0221","Brewer","control","English",0.6507,1.0143,1,0.9,0.3637,6,1,1,1
"S0222","Brewer","depletion","English",0.6528,1.0143,1,0.88,0.3615,5,6,4,5
"S0223","Brewer","control","English",0.6622,1.049,1,0.89,0.3868,3,1,1,1
"S0224","Brewer","depletion","English",0.6622,0.9665,1,0.88,0.3042,6,6,1,4
"S0225","Brewer","depletion","English",0.6661,0.9963,1,0.97,0.3302,6,5,2,4
"S0226","Brewer","depletion","English",0.6666,0.9892,1,0.98,0.3226,5,3,1,2
"S0227","Brewer","depletion","English",0.6712,0.9488,1,0.95,0.2776,5,1,1,7
"S0228","Brewer","control","English",0.675,1.039,1,0.9,0.364,3,1,6,2
"S0229","Brewer","depletion","English",0.6817,1.1122,0.99,0.93,0.4305,6,5,4,1
"S0230","Brewer","depletion","English",0.6831,1.0023,1,0.92,0.3193,6,2,1,3
"S0231","Brewer","depletion","English",0.6865,1.0586,1,0.98,0.3721,6,2,6,4
"S0232","Brewer","control","English",0.7007,0.8836,1,0.99,0.1828,7,2,1,1
"S0233","Brewer","control","English",0.7009,0.9995,1,0.83,0.2986,1,1,1,1
"S0234","Brewer","control","English",0.7038,0.9174,0.99,0.85,0.2137,4,4,7,2
"S0235","Brewer","control","English",0.7058,1.1445,1,0.9,0.4387,3,1,3,5
"S0236","Brewer","control","English",0.7125,1.2368,0.99,0.89,0.5243,1,1,1,1
"S0237","Brewer","depletion","English",0.7234,1.0443,1,0.93,0.321,5,4,1,2
"S0238","Brewer","depletion","English",0.7299,1.0026,0.81,0.8,0.2727,4,2,1,2
"S0239","Brewer","control","English",0.7341,0.8696,1,0.98,0.1356,5,1,1,1
"S0240","Brewer","control","English",0.7347,0.9717,0.99,0.71,0.2369,6,1,2,1
"S0241","Brewer","depletion","English",0.7425,0.9465,0.99,0.92,0.204,6,2,1,2
"S0242","Brewer","control","English",0.7456,1.1425,0.97,0.8,0.3969,4,4,4,3
"S0243","Brewer","control","English",0.7562,1.0456,1,0.94,0.2894,5,1,6,1
"S0244","Brewer","control","English",0.7605,0.9987,0.99,0.9,0.2382,3,3,4,2
"S0245","Brewer","depletion","English",0.7744,1.1291,0.99,0.97,0.3547,7,5,3,5
"S0246","Brewer","control","English",0.7766,1.2375,1,0.93,0.4609,7,3,2,1
"S0247","Brewer","depletion","English",0.7841,1.1667,1,0.99,0.3826,6,5,5,4
"S0248","Brewer","depletion","English",0.8085,1.1895,0.99,0.99,0.381,7,3,2,2
"S0249","Brewer","control","English",0.8156,1.0532,0.98,0.92,0.2376,4,1,5,2
"S0250","Brewer","depletion","English",0.8236,1.1044,0.99,0.95,0.2808,7,4,4,2
"S0251","Brewer","control","English",0.8247,1.0282,0.99,0.97,0.2036,2,2,2,2
"S0252","Brewer","depletion","English",0.8534,1.1791,1,0.96,0.3257,5,2,1,2
"S0253","Brewer","depletion","English",0.8987,1.2344,1,1,0.3356,6,7,4,2
"S0254","Brewer","control","English",0.9088,1.1061,1,0.98,0.1973,3,2,5,1
"S0255","Brewer","depletion","English",0.92,1.0952,1,1,0.1752,6,4,3,3
"S0256","Brewer","control","English",0.9262,1.1501,1,0.98,0.2239,4,1,6,2
"S0257","Brewer","depletion","English",0.9431,1.1846,0.99,0.92,0.2415,5,3,3,2
"S0258","Brewer","control","English",0.9608,1.0861,0.99,0.97,0.1253,3,1,3,2
"S0259","Brewer","depletion","English",1.031,1.2166,1,1,0.1856,7,5,1,3
"S0260","Brewer","depletion","English",1.1337,1.2169,0.99,0.96,0.0832,3,3,4,1
"S0261","Calvillo","control","English",0.3764,0.7304,1,0.79,0.354,7,2,5,1
"S0262","Calvillo","control","English",0.3831,0.5071,0.99,0.62,0.124,7,6,3,6
"S0263","Calvillo","control","English",0.4842,0.788,1,0.71,0.3038,4,1,4,1
"S0264","Calvillo","control","English",0.4912,0.7007,0.99,0.83,0.2095,6,2,5,1
"S0265","Calvillo","depletion","English",0.5014,0.7148,1,0.94,0.2134,6,4,1,2
"S0266","Calvillo","control","English",0.5166,0.7538,1,0.91,0.2372,7,1,7,1
"S0267","Calvillo","control","English",0.5238,1.0012,0.98,0.66,0.4774,7,5,6,3
"S0268","Calvillo","depletion","English",0.5287,0.9497,0.99,0.74,0.4209,7,4,3,1
"S0269","Calvillo","control","English",0.5335,0.9161,1,0.78,0.3826,7,1,1,2
"S0270","Calvillo","control","English",0.5439,0.8636,1,0.91,0.3197,4,1,5,2
"S0271","Calvillo","control","English",0.5443,0.783,0.97,0.88,0.2387,1,1,1,1
"S0272","Calvillo","depletion","English",0.5486,0.8904,1,0.72,0.3418,6,5,6,6
"S0273","Calvillo","depletion","English",0.5487,0.7749,0.99,0.91,0.2262,6,6,5,7
"S0274","Calvillo","control","English",0.55,0.8506,1,0.94,0.3007,3,1,1,1
"S0275","Calvillo","control","English",0.5506,0.8154,0.96,0.66,0.2649,3,2,2,2
"S0276","Calvillo","depletion","English",0.5533,0.8637,0.99,0.8,0.3105,7,5,4,5
"S0277","Calvillo","control","English",0.5557,0.8708,0.99,0.88,0.3151,7,5,3,1
"S0278","Calvillo","depletion","English",0.5632,0.8897,1,0.94,0.3265,7,2,5,1
"S0279","Calvillo","depletion","English",0.564,0.9545,1,0.9,0.3904,6,7,5,6
"S0280","Calvillo","depletion","English",0.5674,0.8769,0.99,0.89,0.3094,5,2,7,1
"S0281","Calvillo","depletion","English",0.57,0.9641,0.99,0.94,0.3941,5,3,2,2
"S0282","Calvillo","depletion","English",0.5794,0.9248,1,0.8,0.3455,6,5,2,4
"S0283","Calvillo","depletion","English",0.5846,1.0624,0.99,0.83,0.4779,4,5,6,2
"S0284","Calvillo","control","English",0.5956,1.0102,1,0.93,0.4146,7,2,2,1
"S0285","Calvillo","control","English",0.6002,0.9519,1,0.92,0.3517,7,1,5,1
"S0286","Calvillo","depletion","English",0.605,0.8261,1,0.81,0.2211,5,6,4,5
"S0287","Calvillo","control","English",0.6103,0.8861,0.96,0.99,0.2758,7,2,6,1
"S0288","Calvillo","control","English",0.6135,0.945,1,0.96,0.3315,4,2,7,3
"S0289","Calvillo","depletion","English",0.6148,0.8767,1,0.89,0.2619,7,7,5,7
"S0290","Calvillo","control","English",0.6272,0.8455,0.91,0.72,0.2183,6,1,2,2
"S0291","Calvillo","depletion","English",0.6282,1.0314,1,0.82,0.4032,6,1,4,3
"S0292","Calvillo","control","English",0.6314,0.9412,0.97,0.82,0.3099,6,2,4,4
"S0293","Calvillo","control","English",0.6316,1.0699,1,0.81,0.4383,4,3,4,1
"S0294","Calvillo","control","English",0.6328,1.0403,0.99,0.77,0.4075,5,1,4,1
"S0295","Calvillo","depletion","English",0.6383,0.9168,1,0.93,0.2785,5,5,2,2
"S0296","Calvillo","control","English",0.6427,0.9871,1,0.98,0.3443,6,1,2,1
"S0297","Calvillo","control","English",0.6445,0.9807,1,0.93,0.3362,7,2,5,4
"S0298","Calvillo","depletion","English",0.6549,1.031,1,0.86,0.3761,6,4,1,2
"S0299","Calvillo","depletion","English",0.6555,1.1264,0.99,0.84,0.471,6,4,5,4
"S0300","Calvillo","control","English",0.6594,0.9895,1,0.97,0.3301,4,2,5,2
"S0301","Calvillo","depletion","English",0.66,0.9218,1,0.99,0.2618,7,5,5,7
"S0302","Calvillo","control","English",0.6607,1.1062,1,0.94,0.4454,4,2,5,3
"S0303","Calvillo","depletion","English",0.6694,0.9706,1,0.98,0.3012,5,5,7,6
"S0304","Calvillo","control","English",0.6698,0.9002,1,0.93,0.2304,6,1,4,1
"S0305","Calvillo","depletion","English",0.6828,1.0501,1,0.96,0.3674,7,4,1,3
"S0306","Calvillo","depletion","English",0.7,1.0343,1,0.97,0.3342,5,4,3,6
"S0307","Calvillo","depletion","English",0.704,1.1004,1,0.95,0.3964,4,6,3,7
"S0308","Calvillo","depletion","English",0.7056,1.0682,0.99,0.91,0.3626,7,4,5,4
"S0309","Calvillo","control","English",0.7074,0.9826,1,0.98,0.2752,2,2,6,1
"S0310","Calvillo","depletion","English",0.7091,0.9662,1,0.99,0.257,6,3,2,3
"S0311","Calvillo","depletion","English",0.711,1.2135,1,0.69,0.5025,5,2,5,1
"S0312","Calvillo","control","English",0.7184,1.0486,1,0.96,0.3302,6,4,4,1
"S0313","Calvillo","depletion","English",0.7187,1.1672,1,0.97,0.4485,6,4,2,2
"S0314","Calvillo","control","English",0.7241,1.0158,0.98,0.84,0.2917,6,2,6,1
"S0315","Calvillo","control","English",0.7255,1.0559,1,0.97,0.3304,6,3,3,1
"S0316","Calvillo","control","English",0.728,1.1825,0.99,0.96,0.4545,7,2,7,6
"S0317","Calvillo","control","English",0.7294,1.1326,1,0.96,0.4033,2,2,5,2
"S0318","Calvillo","control","English",0.73,1.1702,1,0.97,0.4402,5,2,2,2
"S0319","Calvillo","control","English",0.7377,0.9049,0.98,0.89,0.1672,6,1,2,1
"S0320","Calvillo","depletion","English",0.7409,0.9713,1,0.97,0.2304,5,6,6,7
"S0321","Calvillo","control","English",0.7517,1.0562,1,0.99,0.3046,5,1,1,1
"S0322","Calvillo","control","English",0.7557,1.0887,1,0.94,0.333,7,1,2,1
"S0323","Calvillo","depletion","English",0.7572,1.2128,0.88,0.86,0.4557,6,4,5,4
"S0324","Calvillo","depletion","English",0.7806,1.0777,1,0.93,0.2971,7,3,3,4
"S0325","Calvillo","control","English",0.7841,1.0416,1,0.98,0.2576,7,1,1,1
"S0326","Calvillo","control","English",0.8007,1.1382,1,1,0.3375,3,1,2,1
"S0327","Calvillo","depletion","English",0.8223,1.0926,0.99,0.96,0.2702,5,3,3,1
"S0328","Calvillo","control","English",0.8264,1.2143,1,0.96,0.3879,3,3,3,3
"S0329","Calvillo","depletion","English",0.8398,1.085,1,0.87,0.2452,6,4,4,2
"S0330","Calvillo","control","English",0.8645,1.2444,1,0.97,0.3799,7,1,4,2
"S0331","Calvillo","depletion","English",0.8647,1.2795,1,0.91,0.4147,6,4,3,5
"S0332","Calvillo","depletion","English",0.8733,1.0423,1,0.95,0.169,6,3,5,4
"S0333","Calvillo","depletion","English",0.8807,1.1441,1,0.96,0.2634,6,5,7,4
"S0334","Calvillo","depletion","English",0.9358,1.2206,1,0.93,0.2848,7,5,5,5
"S0335","Calvillo","depletion","English",1.0459,1.2581,1,0.95,0.2122,7,6,4,4
"S0336","Carruth","depletion","English",0.4207,0.744,0.98,0.66,0.3233,5,5,2,4
"S0337","Carruth","control","English",0.437,0.6986,1,0.81,0.2615,2,1,2,1
"S0338","Carruth","control","English",0.4475,0.733,1,0.88,0.2856,5,2,2,1
"S0339","Carruth","depletion","English",0.4598,0.6578,1,0.78,0.198,6,5,6,4
"S0340","Carruth","depletion","English",0.4602,0.7244,1,0.9,0.2641,3,3,1,1
"S0341","Carruth","control","English",0.4643,0.7747,1,0.82,0.3104,6,1,5,1
"S0342","Carruth","control","English",0.4647,0.7859,1,0.9,0.3211,1,1,1,1
"S0343","Carruth","control","English",0.4651,0.8602,0.99,0.77,0.3951,3,4,4,3
"S0344","Carruth","depletion","English",0.4683,0.7844,1,0.8,0.316,6,5,5,3
"S0345","Carruth","control","English",0.4697,0.8744,0.99,0.95,0.4046,2,2,3,3
"S0346","Carruth","control","English",0.4738,0.7769,0.97,0.79,0.3031,5,1,4,5
"S0347","Carruth","control","English",0.4763,0.7926,1,0.87,0.3163,7,1,2,4
"S0348","Carruth","depletion","English",0.478,0.9077,0.99,0.81,0.4297,6,4,5,3
"S0349","Carruth","control","English",0.4844,0.9485,1,0.85,0.4641,5,1,3,1
"S0350","Carruth","depletion","English",0.4847,0.7605,0.99,0.76,0.2758,7,2,2,1
"S0351","Carruth","control","English",0.4863,0.8916,1,0.95,0.4053,6,1,3,2
"S0352","Carruth","control","English",0.4915,0.76,0.99,0.88,0.2685,6,3,4,2
"S0353","Carruth","control","English",0.4957,0.8483,1,0.8,0.3526,5,2,3,2
"S0354","Carruth","control","English",0.501,0.7851,0.98,0.77,0.2841,3,1,3,2
"S0355","Carruth","control","English",0.5019,0.9555,1,0.86,0.4536,3,1,5,1
"S0356","Carruth","control","English",0.5044,0.7465,0.98,0.73,0.2421,1,2,3,3
"S0357","Carruth","depletion","English",0.5108,0.7589,1,0.88,0.2481,6,2,2,2
"S0358","Carruth","control","English",0.5162,1.0134,1,0.93,0.4972,6,4,2,1
"S0359","Carruth","depletion","English",0.5183,0.8239,0.99,0.94,0.3056,4,3,3,1
"S0360","Carruth","depletion","English",0.5199,0.8214,0.96,0.65,0.3015,5,3,4,3
"S0361","Carruth","control","English",0.5203,0.8345,1,0.76,0.3141,6,5,2,4
"S0362","Carruth","control","English",0.5232,0.8456,1,0.96,0.3224,6,2,1,1
"S0363","Carruth","control","English",0.5253,0.804,1,0.88,0.2787,6,4,7,3
"S0364","Carruth","control","English",0.5316,0.8956,1,0.9,0.364,5,2,2,2
"S0365","Carruth","control","English",0.5352,0.8203,1,0.91,0.2851,1,1,2,1
"S0366","Carruth","control","English",0.539,0.9047,1,0.9,0.3657,6,3,6,5
"S0367","Carruth","control","English",0.5467,0.8096,0.98,0.84,0.2629,6,1,1,1
"S0368","Carruth","control","English",0.5494,0.9454,1,0.91,0.3961,3,2,4,2
"S0369","Carruth","depletion","English",0.5559,0.9782,1,0.95,0.4223,4,2,1,1
"S0370","Carruth","control","English",0.5578,0.7894,0.99,0.8,0.2316,3,1,1,1
"S0371","Carruth","depletion","English",0.5657,0.9222,1,0.9,0.3565,4,3,3,2
"S0372","Carruth","control","English",0.5679,0.8917,0.98,0.84,0.3239,5,2,5,2
"S0373","Carruth","control","English",0.5686,0.9607,0.99,0.82,0.3921,6,1,3,2
"S0374","Carruth","control","English",0.5689,0.9827,0.99,0.9,0.4138,5,2,3,2
"S0375","Carruth","depletion","English",0.5719,0.9086,1,0.94,0.3367,7,6,5,6
"S0376","Carruth","depletion","English",0.5741,0.8149,1,0.93,0.2408,7,4,2,2
"S0377","Carruth","control","English",0.5746,0.9951,1,0.94,0.4204,6,1,1,1
"S0378","Carruth","depletion","English",0.5748,0.8577,1,0.94,0.2829,5,1,4,4
"S0379","Carruth","control","English",0.5854,0.964,0.97,0.92,0.3786,4,2,4,1
"S0380","Carruth","depletion","English",0.5857,0.8748,0.99,0.79,0.2891,2,2,6,4
"S0381","Carruth","control","English",0.5884,0.8312,0.99,0.89,0.2428,4,2,4,1
"S0382","Carruth","depletion","English",0.5888,0.9199,1,0.94,0.3311,6,5,5,4
"S0383","Carruth","depletion","English",0.593,0.9809,1,0.97,0.3879,6,2,2,1
"S0384","Carruth","depletion","English",0.5941,0.8832,1,0.98,0.2891,7,3,2,4
"S0385","Carruth","control","English",0.5966,1.1106,0.97,0.89,0.514,6,1,4,1
"S0386","Carruth","control","English",0.5978,0.9573,1,0.89,0.3595,7,1,2,1
"S0387","Carruth","depletion","English",0.5981,1.1074,0.99,0.9,0.5093,2,1,5,2
"S0388","Carruth","depletion","English",0.5985,0.9775,1,0.94,0.3791,5,3,3,2
"S0389","Carruth","depletion","English",0.6036,0.9487,1,0.92,0.3451,7,2,1,3
"S0390","Carruth","control","English",0.6041,1.0737,0.99,0.92,0.4696,4,1,6,3
"S0391","Carruth","depletion","English",0.6062,1.1065,1,0.91,0.5003,4,2,1,1
"S0392","Carruth","depletion","English",0.6087,1.0531,1,1,0.4444,6,3,4,5
"S0393","Carruth","depletion","English",0.6112,0.9547,0.95,0.7,0.3435,5,6,5,5
"S0394","Carruth","depletion","English",0.6202,0.9064,1,0.97,0.2862,4,1,4,1
"S0395","Carruth","depletion","English",0.625,0.8641,0.99,0.9,0.2391,3,4,4,3
"S0396","Carruth","control","English",0.6252,0.9583,0.99,0.97,0.333,6,1,1,2
"S0397","Carruth","depletion","English",0.6253,0.8937,1,0.99,0.2684,5,4,1,1
"S0398","Carruth","control","English",0.6301,1.1557,1,0.62,0.5256,3,2,6,2
"S0399","Carruth","control","English",0.6309,1.0066,1,0.93,0.3758,5.5,1,1,1
"S0400","Carruth","control","English",0.636,1.0554,1,0.92,0.4194,4,2,2,1
"S0401","Carruth","depletion","English",0.6368,0.915,1,0.95,0.2782,4,2,1,1
"S0402","Carruth","depletion","English",0.6369,0.9018,1,0.92,0.2649,5,5,6,3
"S0403","Carruth","depletion","English",0.637,1.1295,1,0.88,0.4924,5,5,5,5
"S0404","Carruth","control","English",0.6371,0.9145,1,0.75,0.2773,2,1,1,2
"S0405","Carruth","depletion","English",0.6422,0.9017,1,0.96,0.2595,6,5,6,4
"S0406","Carruth","control","English",0.6451,0.9405,1,0.8,0.2953,5,1,5,3
"S0407","Carruth","control","English",0.6545,0.8616,1,0.93,0.2072,6,1,7,1
"S0408","Carruth","control","English",0.6546,1.0167,1,0.95,0.3621,6,1,2,4
"S0409","Carruth","depletion","English",0.6568,0.8979,1,0.91,0.2411,5,5,6,1
"S0410","Carruth","depletion","English",0.6577,1.003,0.99,0.92,0.3453,5,3,3,3
"S0411","Carruth","control","English",0.6587,0.8793,0.99,0.96,0.2206,4,1,4,1
"S0412","Carruth","depletion","English",0.6594,0.9533,1,0.95,0.2939,6,5,6,7
"S0413","Carruth","control","English",0.6623,0.9821,1,0.94,0.3198,6,5,5,3
"S0414","Carruth","control","English",0.6659,0.9505,1,0.93,0.2846,5,1,1,1
"S0415","Carruth","depletion","English",0.6713,0.9781,1,0.9,0.3068,7,6,4,4
"S0416","Carruth","depletion","English",0.6736,1.0628,0.99,0.93,0.3892,5,4,2,2
"S0417","Carruth","depletion","English",0.6748,1.0223,1,0.89,0.3476,7,5,2,1
"S0418","Carruth","control","English",0.678,0.8263,0.99,0.9,0.1483,6,2,3,4
"S0419","Carruth","control","English",0.687,1.1443,1,0.88,0.4573,7,6,5,2
"S0420","Carruth","depletion","English",0.6933,0.91,1,0.88,0.2168,7,4,4,3
"S0421","Carruth","control","English",0.6953,0.9513,1,0.87,0.256,4,2,6,1
"S0422","Carruth","control","English",0.6959,1.0559,0.99,0.86,0.36,6.5,1,2,1
"S0423","Carruth","control","English",0.7016,1.0219,1,0.79,0.3203,7,3,1,1
"S0424","Carruth","control","English",0.7139,1.0857,0.99,0.74,0.3718,6,2,4,2
"S0425","Carruth","control","English",0.7183,0.9525,1,0.99,0.2343,2,1,4,2
"S0426","Carruth","control","English",0.7183,0.9444,1,0.99,0.2261,6,1,3,1
"S0427","Carruth","depletion","English",0.721,1.0265,1,0.96,0.3056,6,6,3,4
"S0428","Carruth","control","English",0.7213,1.0072,1,0.96,0.2858,2,1,2,2
"S0429","Carruth","control","English",0.722,1.242,0.99,0.95,0.52,2,2,5,2
"S0430","Carruth","depletion","English",0.726,1.2075,0.97,0.97,0.4815,7,4,2,1
"S0431","Carruth","depletion","English",0.7282,1.0319,1,1,0.3038,6,3,2,3
"S0432","Carruth","depletion","English",0.7315,1.1754,0.99,0.91,0.4439,7,4,3,4
"S0433","Carruth","control","English",0.7317,1.0584,1,0.87,0.3267,1,1,3,1
"S0434","Carruth","control","English",0.7323,0.9443,0.99,0.95,0.212,2,2,4,2
"S0435","Carruth","control","English",0.7365,1.2742,0.98,0.73,0.5378,7,2,2,1
"S0436","Carruth","depletion","English",0.7375,0.9607,0.94,0.83,0.2231,4,1,6,1
"S0437","Carruth","control","English",0.7376,1.084,0.97,0.88,0.3465,5,1,4,5
"S0438","Carruth","control","English",0.7477,1.0972,0.96,0.87,0.3495,7,1,2,1
"S0439","Carruth","depletion","English",0.7743,1.0341,0.99,0.97,0.2599,5,3.5,2,2
"S0440","Carruth","depletion","English",0.7806,1.0131,1,1,0.2326,5,4,2,2
"S0441","Carruth","control","English",0.7807,1.0873,1,0.91,0.3066,2,1,1,1
"S0442","Carruth","depletion","English",0.7825,0.9751,0.98,0.99,0.1926,5,3,4,2
"S0443","Carruth","depletion","English",0.7877,1.0854,1,0.97,0.2977,7,4,4,3
"S0444","Carruth","depletion","English",0.7926,1.099,1,0.95,0.3064,5,5,2,1
"S0445","Carruth","control","English",0.7947,1.1643,0.99,0.99,0.3696,2,1,4,5
"S0446","Carruth","control","English",0.8114,1.1112,0.98,0.93,0.2998,5,1,1,1
"S0447","Carruth","control","English",0.8117,1.0823,1,0.93,0.2706,3,2,6,2
"S0448","Carruth","depletion","English",0.813,1.1391,0.99,0.83,0.326,5,2,2,2
"S0449","Carruth","control","English",0.8154,1.1298,1,0.93,0.3144,5,2,2,2
"S0450","Carruth","depletion","English",0.8356,0.8962,1,1,0.0606,7,5,5,1
"S0451","Carruth","depletion","English",0.8464,1.1805,0.99,0.96,0.3341,5,4,3,4
"S0452","Carruth","control","English",0.8528,1.2578,0.99,0.91,0.405,7,1,2,1
"S0453","Carruth","control","English",0.867,1.1851,0.98,0.88,0.3181,6,2,1,2
"S0454","Carruth","control","English",0.872,1.1356,1,0.99,0.2636,4,1,2,1
"S0455","Carruth","depletion","English",0.8781,1.2411,1,0.96,0.363,7,6,3,4
"S0456","Carruth","depletion","English",0.8853,1.209,1,1,0.3237,7,3,2,2
"S0457","Carruth","depletion","English",0.8908,1.2998,0.94,0.73,0.4089,5,5,4,5
"S0458","Carruth","control","English",0.9118,1.1229,0.97,0.95,0.211,2,1,4,1
"S0459","Carruth","control","English",0.9502,1.0689,1,0.85,0.1187,6,1,4,1
"S0460","Carruth","control","English",0.9639,1.3478,0.98,0.95,0.3839,3,2,2,1
"S0461","Carruth","depletion","English",1.0081,1.2626,0.98,0.9,0.2545,7,4,5,4
"S0462","Cheung","control","NonEnglish",0.4352,0.6796,1,0.89,0.2444,1,1,1,1
"S0463","Cheung","depletion","NonEnglish",0.4356,0.6718,1,0.83,0.2362,2,2,2,1
"S0464","Cheung","control","NonEnglish",0.4574,0.6943,0.97,0.88,0.2368,5,3,3,4
"S0465","Cheung","depletion","NonEnglish",0.4684,0.7529,0.99,0.74,0.2845,6,4,3,4
"S0466","Cheung","control","NonEnglish",0.4738,0.8043,1,0.87,0.3305,2,2,3,1
"S0467","Cheung","depletion","NonEnglish",0.4741,0.8048,1,0.82,0.3307,3,3,2,2
"S0468","Cheung","control","NonEnglish",0.4745,0.8547,1,0.93,0.3803,4,2,4,4
"S0469","Cheung","control","NonEnglish",0.4771,0.7484,1,0.84,0.2712,3,1,2,1
"S0470","Cheung","depletion","NonEnglish",0.4785,0.7795,1,0.99,0.301,6,5,3,2
"S0471","Cheung","depletion","NonEnglish",0.4823,0.7123,0.99,0.88,0.23,5,3,5,3
"S0472","Cheung","control","NonEnglish",0.483,0.7713,1,0.81,0.2884,6,2,3,1
"S0473","Cheung","control","NonEnglish",0.4858,0.7292,1,0.93,0.2434,5,2,4,4
"S0474","Cheung","control","NonEnglish",0.4862,0.7606,1,0.76,0.2744,2,1,1,1
"S0475","Cheung","control","NonEnglish",0.4904,0.7035,1,0.98,0.2131,5,1,5,1
"S0476","Cheung","control","NonEnglish",0.4913,0.9656,1,0.63,0.4743,4,3,4,1
"S0477","Cheung","control","NonEnglish",0.4918,0.6814,0.99,0.89,0.1896,5,3,2,3
"S0478","Cheung","depletion","NonEnglish",0.4937,0.8224,0.96,0.9,0.3287,4,5,4,2
"S0479","Cheung","control","NonEnglish",0.4951,0.8782,1,0.97,0.383,5,2,4,2
"S0480","Cheung","depletion","NonEnglish",0.4961,0.864,1,0.86,0.3679,5,5,4,5
"S0481","Cheung","depletion","NonEnglish",0.4987,0.8667,1,0.96,0.368,2,3,3,2
"S0482","Cheung","depletion","NonEnglish",0.5,0.8291,1,0.9,0.3291,6,4,4,5
"S0483","Cheung","control","NonEnglish",0.5066,0.8003,1,0.95,0.2936,3,3,2,1
"S0484","Cheung","depletion","NonEnglish",0.5079,0.7367,1,0.85,0.2288,5,3,2,1
"S0485","Cheung","depletion","NonEnglish",0.5103,0.8759,1,0.78,0.3656,6,3,4,3
"S0486","Cheung","depletion","NonEnglish",0.5136,0.8414,1,0.87,0.3279,6,5,3,2
"S0487","Cheung","depletion","NonEnglish",0.515,0.8124,0.98,0.85,0.2973,1,1,3,1
"S0488","Cheung","control","NonEnglish",0.5176,0.7612,1,0.94,0.2437,6,2,4,2
"S0489","Cheung","control","NonEnglish",0.522,0.7708,1,0.92,0.2488,6,1,3,1
"S0490","Cheung","control","NonEnglish",0.5231,0.8742,1,0.94,0.3511,7,2,4,4
"S0491","Cheung","control","NonEnglish",0.5234,0.8301,1,0.92,0.3067,4,2,4,4
"S0492","Cheung","control","NonEnglish",0.5238,0.8964,1,0.88,0.3727,5,2,4,2
"S0493","Cheung","depletion","NonEnglish",0.5262,0.8749,1,0.84,0.3487,6,3,3,1
"S0494","Cheung","control","NonEnglish",0.5271,0.9385,1,0.92,0.4114,2,2,6,4
"S0495","Cheung","control","NonEnglish",0.5302,0.7629,1,0.89,0.2327,6,3,4,2
"S0496","Cheung","depletion","NonEnglish",0.5307,0.9037,1,0.95,0.373,6,4,3,1
"S0497","Cheung","depletion","NonEnglish",0.5311,0.8268,1,0.95,0.2957,4,3,2,1
"S0498","Cheung","depletion","NonEnglish",0.5337,0.8229,1,0.97,0.2892,3,3,3,4
"S0499","Cheung","control","NonEnglish",0.534,0.8271,0.99,0.87,0.2931,1,2,6,3
"S0500","Cheung","control","NonEnglish",0.5373,0.9282,1,0.94,0.3909,1,1,2,2
"S0501","Cheung","depletion","NonEnglish",0.539,1.0441,0.99,0.87,0.505,6,5,3,2
"S0502","Cheung","control","NonEnglish",0.5415,0.9085,1,0.97,0.367,2,1,3,2
"S0503","Cheung","control","NonEnglish",0.5436,0.8704,1,0.75,0.3268,2,2,6,4
"S0504","Cheung","control","NonEnglish",0.5437,0.8574,1,0.89,0.3138,4,2,3,2
"S0505","Cheung","depletion","NonEnglish",0.5449,0.8745,0.99,0.88,0.3295,7,5,1,4
"S0506","Cheung","control","NonEnglish",0.5465,0.9117,1,0.97,0.3652,3,2,4,1
"S0507","Cheung","depletion","NonEnglish",0.5466,0.9231,1,0.92,0.3765,6,6,6,4
"S0508","Cheung","control","NonEnglish",0.5485,0.8342,1,0.9,0.2857,2,1,5,2
"S0509","Cheung","control","NonEnglish",0.5501,0.8765,1,0.92,0.3263,5,2,6,4
"S0510","Cheung","control","NonEnglish",0.5518,0.8247,0.98,0.95,0.273,2,2,5,1
"S0511","Cheung","control","NonEnglish",0.5525,0.8595,1,0.89,0.307,6,5,5,2
"S0512","Cheung","depletion","NonEnglish",0.5531,0.8425,1,0.91,0.2894,7,5,1,1
"S0513","Cheung","depletion","NonEnglish",0.5533,0.8126,0.99,0.93,0.2593,6,5,2,4
"S0514","Cheung","depletion","NonEnglish",0.5568,0.8754,1,0.96,0.3186,3,5,2,1
"S0515","Cheung","depletion","NonEnglish",0.5571,0.7949,1,0.98,0.2378,6,5,3,4
"S0516","Cheung","control","NonEnglish",0.5595,0.857,1,0.92,0.2975,2,1,4,1
"S0517","Cheung","control","NonEnglish",0.5609,0.8661,1,0.93,0.3052,5,2,3,2
"S0518","Cheung","depletion","NonEnglish",0.5655,0.8819,0.99,1,0.3164,5,6,2,3
"S0519","Cheung","control","NonEnglish",0.5669,1.1287,1,0.91,0.5618,7,2,2,1
"S0520","Cheung","control","NonEnglish",0.5693,0.875,1,0.98,0.3057,5,2,3,2
"S0521","Cheung","depletion","NonEnglish",0.571,0.993,1,0.93,0.422,6,5,2,3
"S0522","Cheung","depletion","NonEnglish",0.5714,0.9192,1,0.95,0.3478,6,5,4,3
"S0523","Cheung","control","NonEnglish",0.5715,0.8019,1,0.95,0.2305,4,2,5,2
"S0524","Cheung","depletion","NonEnglish",0.5724,0.9444,1,0.95,0.372,2,2,1,1
"S0525","Cheung","control","NonEnglish",0.5758,1.0105,1,0.88,0.4347,1,1,2,1
"S0526","Cheung","depletion","NonEnglish",0.576,0.8719,1,0.95,0.2959,6,5,6,3
"S0527","Cheung","depletion","NonEnglish",0.5761,0.9363,1,0.94,0.3602,6,6,4,5
"S0528","Cheung","depletion","NonEnglish",0.5769,0.7888,0.99,0.91,0.212,5,2,1,2
"S0529","Cheung","depletion","NonEnglish",0.577,0.9044,1,0.91,0.3274,6,5,3,1
"S0530","Cheung","control","NonEnglish",0.5778,1.0494,0.99,0.87,0.4716,2,2,4,1
"S0531","Cheung","control","NonEnglish",0.5796,0.8821,1,0.96,0.3025,2,2,3,1
"S0532","Cheung","control","NonEnglish",0.5893,0.9741,1,0.96,0.3848,6,1,5,3
"S0533","Cheung","control","NonEnglish",0.5895,0.8794,1,0.94,0.2899,3,3,5,5
"S0534","Cheung","depletion","NonEnglish",0.5895,1.083,1,0.99,0.4935,5,4,2,1
"S0535","Cheung","control","NonEnglish",0.5926,0.844,1,0.94,0.2513,2,3,5,2
"S0536","Cheung","control","NonEnglish",0.5928,1.0677,1,0.94,0.4749,1,1,3,3
"S0537","Cheung","depletion","NonEnglish",0.5945,0.9957,1,0.98,0.4011,2,3,3,3
"S0538","Cheung","depletion","NonEnglish",0.5952,0.9699,1,0.93,0.3746,6,5,3,5
"S0539","Cheung","control","NonEnglish",0.5962,0.9314,0.99,0.75,0.3352,5,2,2,1
"S0540","Cheung","depletion","NonEnglish",0.5962,0.7887,1,0.94,0.1925,2,2,6,1
"S0541","Cheung","depletion","NonEnglish",0.5989,0.8886,1,0.96,0.2897,6,3,5,1
"S0542","Cheung","depletion","NonEnglish",0.6003,0.9263,0.99,0.98,0.3261,7,5,3,3
"S0543","Cheung","depletion","NonEnglish",0.6006,0.8454,1,0.93,0.2449,6,2,2,2
"S0544","Cheung","control","NonEnglish",0.6042,0.9196,1,0.98,0.3154,4,1,1,1
"S0545","Cheung","control","NonEnglish",0.6064,1.0514,1,0.94,0.445,4,3,4,1
"S0546","Cheung","depletion","NonEnglish",0.6152,0.9216,0.97,0.92,0.3064,3,5,1,1
"S0547","Cheung","control","NonEnglish",0.6153,0.9569,1,0.93,0.3416,5,2,2,1
"S0548","Cheung","control","NonEnglish",0.6212,1.0551,1,0.92,0.4339,6,2,5,2
"S0549","Cheung","control","NonEnglish",0.6214,0.8288,1,0.98,0.2074,2,1,4,3
"S0550","Cheung","depletion","NonEnglish",0.6219,1.0811,1,0.99,0.4592,5,4,3,3
"S0551","Cheung","depletion","NonEnglish",0.6223,0.9732,0.99,0.92,0.3509,5,4,4,3
"S0552","Cheung","control","NonEnglish",0.6224,1.1128,1,0.91,0.4904,2,2,4,1
"S0553","Cheung","depletion","NonEnglish",0.6224,0.9845,1,0.96,0.3621,3,3,5,1
"S0554","Cheung","control","NonEnglish",0.624,0.9577,0.99,0.95,0.3337,5,2,5,3
"S0555","Cheung","control","NonEnglish",0.6247,1.0546,1,0.9,0.4299,1,1,5,1
"S0556","Cheung","control","NonEnglish",0.631,0.8777,1,0.9,0.2466,3,2,6,1
"S0557","Cheung","depletion","NonEnglish",0.6339,0.8827,1,0.91,0.2488,6,2,1,2
"S0558","Cheung","depletion","NonEnglish",0.6385,0.9505,0.99,0.98,0.3119,6,5,5,2
"S0559","Cheung","control","NonEnglish",0.6401,0.9904,0.98,0.91,0.3503,3,2,5,2
"S0560","Cheung","depletion","NonEnglish",0.642,1.1523,1,0.88,0.5103,6,3,4,1
"S0561","Cheung","control","NonEnglish",0.6425,0.9155,1,0.99,0.273,3,1,4,1
"S0562","Cheung","depletion","NonEnglish",0.6455,0.9968,1,0.97,0.3513,6,5,5,2
"S0563","Cheung","depletion","NonEnglish",0.6462,1.0086,1,0.91,0.3624,2,1,3,2
"S0564","Cheung","depletion","NonEnglish",0.6469,0.8336,0.99,0.94,0.1867,6,3,2,1
"S0565","Cheung","control","NonEnglish",0.6491,1.006,1,0.89,0.3569,2,1,4,1
"S0566","Cheung","control","NonEnglish",0.6524,0.9611,1,0.93,0.3087,1,1,3,1
"S0567","Cheung","control","NonEnglish",0.6525,1.0469,1,0.93,0.3944,6,2,4,1
"S0568","Cheung","control","NonEnglish",0.6553,0.9002,0.99,0.95,0.2449,2,1,3,2
"S0569","Cheung","control","NonEnglish",0.6554,0.9631,1,0.99,0.3077,5,2,6,3
"S0570","Cheung","depletion","NonEnglish",0.6564,1.1662,0.99,0.93,0.5098,5,6,5,4
"S0571","Cheung","depletion","NonEnglish",0.6576,1.0478,1,0.95,0.3902,5,4,1,4
"S0572","Cheung","depletion","NonEnglish",0.6577,1.0087,1,0.94,0.351,5,5,5,2
"S0573","Cheung","control","NonEnglish",0.6594,0.9991,0.97,0.93,0.3397,2,2,1,1
"S0574","Cheung","depletion","NonEnglish",0.6637,1.041,0.99,0.98,0.3773,6,5,3,2
"S0575","Cheung","depletion","NonEnglish",0.6667,0.9571,0.98,0.94,0.2904,5,7,4,6
"S0576","Cheung","depletion","NonEnglish",0.6675,0.9572,1,0.97,0.2897,2,2,4,3
"S0577","Cheung","control","NonEnglish",0.6683,0.9121,1,0.95,0.2437,6,2,5,2
"S0578","Cheung","control","NonEnglish",0.6685,1.0109,1,0.96,0.3424,1,1,3,1
"S0579","Cheung","depletion","NonEnglish",0.6709,0.9383,1,0.97,0.2674,6,5,2,2
"S0580","Cheung","control","NonEnglish",0.6723,1.0307,1,0.92,0.3584,2,2,3,1
"S0581","Cheung","depletion","NonEnglish",0.6727,1.0538,1,1,0.3811,6,2,5,5
"S0582","Cheung","depletion","NonEnglish",0.6734,1.0937,1,0.93,0.4203,6,4,3,2
"S0583","Cheung","depletion","NonEnglish",0.6808,0.8763,1,0.93,0.1955,6,6,3,2
"S0584","Cheung","control","NonEnglish",0.682,0.8912,1,0.99,0.2092,6,2,4,1
"S0585","Cheung","control","NonEnglish",0.6828,0.958,1,0.98,0.2752,4,2,6,1
"S0586","Cheung","control","NonEnglish",0.6847,1.032,1,0.96,0.3472,5,1,3,2
"S0587","Cheung","depletion","NonEnglish",0.6851,1.1137,1,0.96,0.4286,2,5,1,1
"S0588","Cheung","depletion","NonEnglish",0.6898,0.9023,1,0.97,0.2124,1,2,2,1
"S0589","Cheung","control","NonEnglish",0.69,0.9321,1,0.95,0.2421,5,1,2,1
"S0590","Cheung","depletion","NonEnglish",0.691,0.9277,1,1,0.2367,6,5,3,3
"S0591","Cheung","control","NonEnglish",0.6911,1.1762,0.98,0.93,0.4852,2,3,3,1
"S0592","Cheung","control","NonEnglish",0.7009,1.0059,1,0.94,0.3049,2,1,1,1
"S0593","Cheung","depletion","NonEnglish",0.7068,1.1009,1,0.99,0.3941,5,5,2,2
"S0594","Cheung","control","NonEnglish",0.7109,0.9287,1,0.98,0.2178,2,1,2,1
"S0595","Cheung","control","NonEnglish",0.7135,0.9491,1,0.97,0.2356,7,1,6,2
"S0596","Cheung","control","NonEnglish",0.7176,0.9884,1,0.96,0.2708,4,2,1,1
"S0597","Cheung","control","NonEnglish",0.7201,0.9814,1,0.94,0.2613,2,1,4,1
"S0598","Cheung","depletion","NonEnglish",0.7216,1.0167,1,0.99,0.2951,7,7,2,4
"S0599","Cheung","control","NonEnglish",0.7224,1.0788,1,1,0.3564,1,1,1,1
"S0600","Cheung","control","NonEnglish",0.7245,1.023,1,0.96,0.2984,2,2,6,2
"S0601","Cheung","control","NonEnglish",0.7296,0.942,1,0.99,0.2125,3,1,2,1
"S0602","Cheung","depletion","NonEnglish",0.7305,1.1049,1,0.98,0.3744,3,3,2,1
"S0603","Cheung","depletion","NonEnglish",0.7308,0.9013,1,1,0.1705,4,5,4,2
"S0604","Cheung","depletion","NonEnglish",0.7333,0.9675,1,0.99,0.2341,7,6,4,5
"S0605","Cheung","control","NonEnglish",0.7365,0.838,1,0.98,0.1015,7,2,3,1
"S0606","Cheung","depletion","NonEnglish",0.7391,1.0257,1,0.92,0.2866,6,6,3,3
"S0607","Cheung","control","NonEnglish",0.745,1.0981,1,0.94,0.3531,3,1,4,2
"S0608","Cheung","depletion","NonEnglish",0.7514,1.043,0.98,0.91,0.2916,2,1,1,2
"S0609","Cheung","depletion","NonEnglish",0.7528,1.1889,1,0.98,0.4361,6,5,3,5
"S0610","Cheung","control","NonEnglish",0.756,1.0831,1,0.99,0.3272,5,2,3,1
"S0611","Cheung","control","NonEnglish",0.7581,1.0501,1,1,0.292,1,1,6,1
"S0612","Cheung","depletion","NonEnglish",0.7604,1.1817,1,0.98,0.4213,5,7,4,6
"S0613","Cheung","control","NonEnglish",0.7666,1.0989,0.98,0.85,0.3323,5,1,3,2
"S0614","Cheung","control","NonEnglish",0.7666,1.0438,1,0.95,0.2772,3,2,5,1
"S0615","Cheung","control","NonEnglish",0.779,1.0895,1,0.99,0.3105,4,1,6,2
"S0616","Cheung","depletion","NonEnglish",0.7846,0.8626,1,1,0.078,6,3,1,5
"S0617","Cheung","depletion","NonEnglish",0.7875,1.0737,0.98,0.92,0.2862,5,6,5,5
"S0618","Cheung","depletion","NonEnglish",0.7997,0.9093,1,0.99,0.1096,5,5,5,4
"S0619","Cheung","depletion","NonEnglish",0.8038,0.9697,1,1,0.1659,6,4,3,4
"S0620","Cheung","depletion","NonEnglish",0.8123,1.0351,1,0.99,0.2227,6,3,3,2
"S0621","Cheung","control","NonEnglish",0.816,1.0381,0.99,0.95,0.2221,3,3,2,1
"S0622","Cheung","depletion","NonEnglish",0.8262,1.1948,1,0.99,0.3686,4,5,6,6
"S0623","Cheung","depletion","NonEnglish",0.8273,1.0859,1,0.99,0.2586,2,5,2,3
"S0624","Cheung","control","NonEnglish",0.8287,1.0431,0.99,0.97,0.2143,6,2,5,3
"S0625","Cheung","depletion","NonEnglish",0.8304,1.2473,0.98,0.94,0.4169,3,5,3,3
"S0626","Cheung","control","NonEnglish",0.8362,1.2029,1,1,0.3667,3,2,3,2
"S0627","Cheung","control","NonEnglish",0.8371,1.0828,1,0.94,0.2457,6,2,3,1
"S0628","Cheung","depletion","NonEnglish",0.8399,1.1704,1,0.99,0.3305,5,3,2,2
"S0629","Cheung","depletion","NonEnglish",0.8407,1.1004,0.98,0.99,0.2598,6,3,4,4
"S0630","Cheung","depletion","NonEnglish",0.8495,0.9729,1,1,0.1235,2,2,2,1
"S0631","Cheung","depletion","NonEnglish",0.8748,1.0864,1,0.96,0.2116,5,4,3,4
"S0632","Cheung","control","NonEnglish",0.8981,1.2315,0.98,0.94,0.3333,2,2,5,1
"S0633","Cheung","control","NonEnglish",0.8992,1.0527,1,1,0.1535,5,1,4,2
"S0634","Cheung","depletion","NonEnglish",0.9089,1.0665,1,0.97,0.1575,5,5,4,4
"S0635","Cheung","depletion","NonEnglish",0.9126,1.1624,1,1,0.2498,3,4,5,2
"S0636","Cheung","depletion","NonEnglish",0.9243,1.1393,1,1,0.215,5,4,3,2
"S0637","Cheung","control","NonEnglish",0.9302,1.2014,1,0.94,0.2712,3,2,4,5
"S0638","Cheung","depletion","NonEnglish",0.9335,1.1565,1,1,0.223,4,4,2,2
"S0639","Cheung","depletion","NonEnglish",0.9428,1.1657,1,0.92,0.2229,7,1,3,1
"S0640","Cheung","control","NonEnglish",0.9568,1.1937,0.99,0.91,0.2369,5,3,4,2
"S0641","Cheung","depletion","NonEnglish",0.9599,1.2628,1,0.94,0.3029,5,3,3,1
"S0642","Cheung","control","NonEnglish",1.0224,1.2269,1,1,0.2045,6,2,2,2
"S0643","Crowell","depletion","English",0.4574,0.6792,1,0.92,0.2218,6,4,3,5
"S0644","Crowell","depletion","English",0.4607,0.7887,1,0.67,0.328,5,3,4,5
"S0645","Crowell","depletion","English",0.4687,0.8966,1,0.79,0.4279,6,4,2,3
"S0646","Crowell","depletion","English",0.4758,0.8801,0.98,0.78,0.4042,6,5,1,4
"S0647","Crowell","control","English",0.4908,0.8516,0.99,0.82,0.3607,5,2,6,5
"S0648","Crowell","control","English",0.5024,0.8203,1,0.97,0.3179,2,1,3,1
"S0649","Crowell","depletion","English",0.5038,0.8766,0.97,0.76,0.3728,5,5,4,5
"S0650","Crowell","control","English",0.5064,0.7705,1,0.72,0.2641,5,2,4,2
"S0651","Crowell","control","English",0.5086,0.8471,1,0.71,0.3385,7,3,1,2
"S0652","Crowell","control","English",0.5093,0.8854,0.98,0.77,0.3761,5,2,5,4
"S0653","Crowell","control","English",0.5108,0.8592,1,0.84,0.3484,5,3,4,2
"S0654","Crowell","depletion","English",0.5128,0.9707,1,0.9,0.4579,7,7,1,2
"S0655","Crowell","control","English",0.5131,0.8031,0.99,0.85,0.29,6,1,3,2
"S0656","Crowell","control","English",0.5142,0.7589,0.99,0.93,0.2447,5,2,4,1
"S0657","Crowell","control","English",0.5161,0.8483,1,0.94,0.3322,6,1,1,1
"S0658","Crowell","depletion","English",0.5201,0.7712,1,0.85,0.2512,6,5,5,6
"S0659","Crowell","depletion","English",0.5228,0.8687,1,0.84,0.3459,7,3,1,2
"S0660","Crowell","depletion","English",0.5288,0.8231,0.98,0.68,0.2943,6,5,4.5,3
"S0661","Crowell","depletion","English",0.5292,0.795,1,0.94,0.2658,7,3,3,2
"S0662","Crowell","control","English",0.5306,0.9061,1,0.89,0.3756,7,2,5,1
"S0663","Crowell","control","English",0.5313,0.7881,1,0.92,0.2568,1,1,4,1
"S0664","Crowell","depletion","English",0.5332,0.7696,1,0.8,0.2364,5,2,1,2
"S0665","Crowell","depletion","English",0.5404,0.8344,0.98,0.68,0.2939,6,4,3,2
"S0666","Crowell","control","English",0.5412,0.9126,1,0.95,0.3714,5,2,5,1
"S0667","Crowell","depletion","English",0.5518,0.8859,1,0.93,0.3341,6,4,4,4
"S0668","Crowell","depletion","English",0.5579,0.8143,1,0.98,0.2564,5,3,5,5
"S0669","Crowell","depletion","English",0.5819,1.0122,0.98,0.76,0.4303,5,4,5,5
"S0670","Crowell","control","English",0.5833,0.9785,1,0.92,0.3952,2,1,7,3
"S0671","Crowell","control","English",0.588,0.8862,0.99,0.89,0.2981,2,1,3,2
"S0672","Crowell","depletion","English",0.5932,1.0366,1,0.86,0.4434,5,3,5,3
"S0673","Crowell","depletion","English",0.5955,1.0852,1,0.88,0.4897,6,4,2,5
"S0674","Crowell","control","English",0.6003,0.962,1,0.96,0.3617,4,1,1,1
"S0675","Crowell","control","English",0.6004,0.8989,1,0.88,0.2985,4,1,1,1
"S0676","Crowell","control","English",0.6055,0.8595,1,0.97,0.254,5,2,2,3
"S0677","Crowell","depletion","English",0.6056,0.9651,1,0.97,0.3595,6,4,4,5
"S0678","Crowell","control","English",0.6071,0.7878,1,0.9,0.1807,5,1,2,1
"S0679","Crowell","depletion","English",0.612,0.9855,0.98,0.88,0.3736,5,3,2,3
"S0680","Crowell","depletion","English",0.6154,0.9116,0.99,0.84,0.2962,6,6,3,4
"S0681","Crowell","control","English",0.624,0.9183,1,0.76,0.2943,3,1,2,1
"S0682","Crowell","control","English",0.6241,0.9395,0.99,0.77,0.3153,1,1,3,1
"S0683","Crowell","control","English",0.6265,0.9592,1,0.91,0.3327,6,1,4,2
"S0684","Crowell","control","English",0.628,0.9972,1,0.98,0.3692,6,2,4,2
"S0685","Crowell","depletion","English",0.6306,0.9271,1,0.88,0.2965,6,5,2,3
"S0686","Crowell","control","English",0.64,0.8349,1,0.94,0.1949,2,1,5,1
"S0687","Crowell","depletion","English",0.6415,0.9267,0.99,0.82,0.2852,6,4,1,2
"S0688","Crowell","control","English",0.6519,1.0398,1,0.83,0.3879,3,1,4,5
"S0689","Crowell","control","English",0.6547,0.9698,1,0.93,0.3151,4,1,4,1
"S0690","Crowell","control","English",0.6559,0.9684,1,0.94,0.3125,5,1,3,4
"S0691","Crowell","control","English",0.6599,0.9584,1,0.91,0.2984,5,1,1,2
"S0692","Crowell","control","English",0.661,0.9989,1,0.98,0.3379,5,2,4,2
"S0693","Crowell","depletion","English",0.6795,0.9483,1,0.99,0.2687,5,5,6,6
"S0694","Crowell","depletion","English",0.6888,1.0761,0.98,0.93,0.3872,6,6,2,4
"S0695","Crowell","control","English",0.6911,1.0106,0.98,0.66,0.3195,5,2,7,2
"S0696","Crowell","depletion","English",0.6947,0.9793,0.99,0.85,0.2846,6,5,6,5
"S0697","Crowell","depletion","English",0.7049,1.0239,1,0.82,0.319,4,4,2,2
"S0698","Crowell","depletion","English",0.7374,0.9484,1,0.96,0.211,6,2,2,1
"S0699","Crowell","control","English",0.7386,1.0163,1,0.98,0.2777,2,1,1,1
"S0700","Crowell","depletion","English",0.7561,0.8896,0.98,0.88,0.1334,4,2,1,3
"S0701","Crowell","depletion","English",0.7578,1.0688,1,0.97,0.311,2,3,3,2
"S0702","Crowell","depletion","English",0.7627,1.2353,1,0.95,0.4726,6,4,3,5
"S0703","Crowell","control","English",0.7826,1.0194,1,0.98,0.2368,4,2,6,4
"S0704","Crowell","control","English",0.8054,1.1734,1,0.95,0.368,4,1,1,1
"S0705","Crowell","control","English",0.8236,1.1166,1,0.84,0.293,4,2,4,1
"S0706","Crowell","control","English",0.8251,1.1419,1,1,0.3168,5,1,1,2
"S0707","Crowell","depletion","English",0.8616,1.2452,1,0.98,0.3836,6,6,3,7
"S0708","Crowell","depletion","English",0.8628,1.2323,1,0.99,0.3695,6,4,5,5
"S0709","Crowell","control","English",0.8721,1.1591,0.99,0.97,0.287,2,1,3,1
"S0710","Crowell","control","English",0.8749,1.1261,1,0.97,0.2512,7,3,2,1
"S0711","Crowell","control","English",0.8789,1.1967,1,0.94,0.3177,7,2,3,2
"S0712","Crowell","depletion","English",0.8807,1.2285,0.96,0.9,0.3478,5,5,3,1
"S0713","Crowell","depletion","English",0.9329,1.0884,0.98,0.92,0.1555,5,5,4,6
"S0714","Crowell","control","English",0.9744,1.2292,1,0.89,0.2547,2,1,7,4
"S0715","Crowell","control","English",1.0055,1.1439,1,0.99,0.1384,3,1,1,1
"S0716","Elson","depletion","NonEnglish",0.43,0.7295,1,0.98,0.2994,3,2,2,4
"S0717","Elson","control","NonEnglish",0.4473,0.6792,0.99,0.9,0.2319,2,1,3,1
"S0718","Elson","depletion","NonEnglish",0.4515,0.8669,1,0.87,0.4153,2,4,2,5
"S0719","Elson","control","NonEnglish",0.4527,0.7956,0.99,0.84,0.3429,2,3,2,3
"S0720","Elson","control","NonEnglish",0.4569,0.6284,1,0.99,0.1716,2,2,3,1
"S0721","Elson","depletion","NonEnglish",0.4656,0.7116,1,0.94,0.246,3,3,2,1
"S0722","Elson","control","NonEnglish",0.4676,0.7827,1,0.95,0.3151,2,3,5,1
"S0723","Elson","control","NonEnglish",0.486,0.8284,1,0.98,0.3424,5,2,5,2
"S0724","Elson","depletion","NonEnglish",0.4874,0.7642,1,0.99,0.2767,3,2,3,5
"S0725","Elson","control","NonEnglish",0.4921,0.803,1,0.94,0.3109,2,1,1,1
"S0726","Elson","depletion","NonEnglish",0.4992,0.685,1,0.89,0.1858,5,5,2,2
"S0727","Elson","depletion","NonEnglish",0.5079,1.0354,1,0.9,0.5276,5,4,4,4
"S0728","Elson","control","NonEnglish",0.5087,0.8757,1,0.8,0.3671,1,3,2,1
"S0729","Elson","control","NonEnglish",0.5092,0.7599,1,0.92,0.2508,2,4,4,1
"S0730","Elson","control","NonEnglish",0.5136,0.8286,1,0.95,0.3151,2,2,3,1
"S0731","Elson","depletion","NonEnglish",0.5198,0.7812,1,0.97,0.2614,2,1,3,1
"S0732","Elson","control","NonEnglish",0.5214,0.9815,1,0.97,0.4601,1,1,1,1
"S0733","Elson","depletion","NonEnglish",0.525,0.7638,1,0.97,0.2388,3,3,4,3
"S0734","Elson","control","NonEnglish",0.5261,1.0198,1,0.89,0.4938,1,1,2,1
"S0735","Elson","depletion","NonEnglish",0.5263,0.8206,1,0.99,0.2943,2,2,1,1
"S0736","Elson","depletion","NonEnglish",0.5266,0.9184,1,0.83,0.3918,2,3,2,2
"S0737","Elson","control","NonEnglish",0.5296,0.8841,1,0.95,0.3545,2,2,3,1
"S0738","Elson","depletion","NonEnglish",0.5386,0.8674,1,0.95,0.3288,5,3,3,1
"S0739","Elson","depletion","NonEnglish",0.5392,0.8738,1,0.95,0.3345,3,3,4,2
"S0740","Elson","control","NonEnglish",0.5496,0.8151,1,0.82,0.2655,2,1,3,1
"S0741","Elson","control","NonEnglish",0.5502,0.8649,1,0.97,0.3148,2,1,2,1
"S0742","Elson","control","NonEnglish",0.5531,0.8406,0.97,0.9,0.2875,1,1,5,1
"S0743","Elson","control","NonEnglish",0.5589,0.8613,1,0.96,0.3024,2,2,1,2
"S0744","Elson","control","NonEnglish",0.5692,0.893,1,0.95,0.3238,1,1,1,1
"S0745","Elson","control","NonEnglish",0.5704,0.872,1,0.99,0.3017,3,3,2,1
"S0746","Elson","depletion","NonEnglish",0.5755,0.9661,1,0.95,0.3905,5,5,6,5
"S0747","Elson","depletion","NonEnglish",0.5789,1.0944,0.99,0.95,0.5155,4,2,3,3
"S0748","Elson","control","NonEnglish",0.5831,0.8655,1,0.95,0.2824,2,1,5,1
"S0749","Elson","control","NonEnglish",0.5873,0.9433,1,0.99,0.356,3,4,3,1
"S0750","Elson","control","NonEnglish",0.5901,0.9242,1,0.99,0.3341,2,1,1,1
"S0751","Elson","control","NonEnglish",0.5908,0.8963,1,0.98,0.3055,4,2,3,1
"S0752","Elson","control","NonEnglish",0.5917,0.9282,1,0.94,0.3365,2,1,4,2
"S0753","Elson","control","NonEnglish",0.5926,0.9188,1,0.97,0.3262,1,1,1,1
"S0754","Elson","depletion","NonEnglish",0.6003,0.914,1,0.97,0.3137,6,4,5,5
"S0755","Elson","control","NonEnglish",0.6019,0.8706,1,0.97,0.2687,2,2,2,1
"S0756","Elson","control","NonEnglish",0.6113,0.9583,1,0.97,0.347,2,1,2,1
"S0757","Elson","depletion","NonEnglish",0.6151,0.8838,1,1,0.2686,2,2,3,3
"S0758","Elson","depletion","NonEnglish",0.6165,1.1283,1,0.96,0.5119,3,3,2,4
"S0759","Elson","depletion","NonEnglish",0.6175,1.073,1,0.82,0.4555,3,4,3,4
"S0760","Elson","control","NonEnglish",0.6197,1.2993,1,0.8,0.6796,2,1,3,1
"S0761","Elson","depletion","NonEnglish",0.6199,0.9742,1,0.98,0.3543,2,3,4,1
"S0762","Elson","depletion","NonEnglish",0.6218,0.9212,1,1,0.2993,3,3,1,1
"S0763","Elson","control","NonEnglish",0.6237,1.0213,1,0.86,0.3976,2,1,5,1
"S0764","Elson","depletion","NonEnglish",0.6256,0.9834,1,0.98,0.3578,2,3,5,2
"S0765","Elson","control","NonEnglish",0.626,0.9569,0.99,0.99,0.3309,2,1,3,2
"S0766","Elson","depletion","NonEnglish",0.6283,0.9729,0.98,0.93,0.3446,6,5,3,2
"S0767","Elson","depletion","NonEnglish",0.6306,0.9932,1,0.98,0.3627,4,1,3,5
"S0768","Elson","depletion","NonEnglish",0.6344,1.1611,1,0.79,0.5267,3,2,4,1
"S0769","Elson","depletion","NonEnglish",0.6358,0.9632,0.99,0.98,0.3273,4,3,5,4
"S0770","Elson","depletion","NonEnglish",0.6403,0.8978,1,0.98,0.2575,6,5,3,4
"S0771","Elson","control","NonEnglish",0.6427,0.8894,1,0.99,0.2467,3,1,3,2
"S0772","Elson","control","NonEnglish",0.6457,0.9588,1,0.94,0.3131,5,3,2,3
"S0773","Elson","depletion","NonEnglish",0.659,0.9267,1,0.99,0.2676,2,4,4,1
"S0774","Elson","control","NonEnglish",0.6592,0.9371,1,0.94,0.2779,1,1,1,1
"S0775","Elson","control","NonEnglish",0.6643,0.9157,1,1,0.2514,1,1,3,2
"S0776","Elson","control","NonEnglish",0.6656,0.8793,1,1,0.2137,1,1,5,1
"S0777","Elson","depletion","NonEnglish",0.6662,1.0745,1,0.84,0.4083,4,2,4,5
"S0778","Elson","depletion","NonEnglish",0.6708,1.1715,1,0.97,0.5007,6,6,4,5
"S0779","Elson","control","NonEnglish",0.6713,0.9566,1,0.97,0.2853,2,2,2,2
"S0780","Elson","control","NonEnglish",0.6729,1.0437,1,0.96,0.3707,1,1,2,1
"S0781","Elson","depletion","NonEnglish",0.6746,1.1834,1,0.9,0.5088,2,2,3,1
"S0782","Elson","depletion","NonEnglish",0.6771,0.879,1,0.97,0.2019,2,2,2,1
"S0783","Elson","control","NonEnglish",0.6802,0.9621,1,0.96,0.2819,2,2,1,1
"S0784","Elson","control","NonEnglish",0.6814,1.2646,1,0.95,0.5832,4,3,6,3
"S0785","Elson","depletion","NonEnglish",0.6894,1.0412,1,0.95,0.3518,2,3,3,1
"S0786","Elson","depletion","NonEnglish",0.69,0.9346,1,0.98,0.2446,3,1,3,2
"S0787","Elson","depletion","NonEnglish",0.7066,0.9725,1,0.97,0.2659,5,5,3,3
"S0788","Elson","depletion","NonEnglish",0.718,0.9407,1,0.99,0.2227,3,3,4,3
"S0789","Elson","control","NonEnglish",0.7248,1.1406,1,0.94,0.4158,2,1,2,1
"S0790","Elson","control","NonEnglish",0.7294,1.2461,1,0.93,0.5168,3,2,4,1
"S0791","Elson","depletion","NonEnglish",0.7576,0.9348,0.99,1,0.1773,4,3,3,1
"S0792","Elson","depletion","NonEnglish",0.7622,1.1086,0.99,0.95,0.3464,3,3,2,2
"S0793","Elson","control","NonEnglish",0.7657,1.041,1,0.89,0.2753,3,2,2,1
"S0794","Elson","depletion","NonEnglish",0.7663,1.0398,1,0.99,0.2735,4,4,2,3
"S0795","Elson","depletion","NonEnglish",0.7704,0.9808,1,1,0.2105,2,4,2,2
"S0796","Elson","control","NonEnglish",0.7729,0.9194,1,0.95,0.1465,1,1,2,1
"S0797","Elson","control","NonEnglish",0.7856,0.9552,1,0.96,0.1697,4,1,4,1
"S0798","Elson","depletion","NonEnglish",0.7881,0.9506,1,0.99,0.1624,6,6,4,6
"S0799","Elson","control","NonEnglish",0.8152,0.9665,0.99,0.99,0.1512,5,2,5,2
"S0800","Elson","control","NonEnglish",0.8401,1.106,1,1,0.2659,2,1,3,1
"S0801","Elson","control","NonEnglish",0.8648,1.3199,1,0.91,0.4551,2,3,4,1
"S0802","Elson","depletion","NonEnglish",0.8804,1.1594,1,0.99,0.279,5,4,5,4
"S0803","Elson","control","NonEnglish",0.9238,1.1387,1,0.95,0.215,2,2,3,1
"S0804","Elson","control","NonEnglish",0.9723,1.2246,1,0.98,0.2523,1,2,1,1
"S0805","Elson","depletion","NonEnglish",1.0689,1.2576,1,1,0.1887,5,5,3,5
"S0806","Evans","depletion","English",0.4476,0.6964,0.97,0.76,0.2488,6,5,5,4
"S0807","Evans","depletion","English",0.4576,0.6865,1,0.72,0.2288,5,4,3,2
"S0808","Evans","control","English",0.4623,0.7888,1,0.86,0.3265,6,1,4,1
"S0809","Evans","depletion","English",0.4693,0.9008,1,0.8,0.4316,6,7,6,4
"S0810","Evans","control","English",0.4754,0.7501,1,0.9,0.2747,5,1,4,1
"S0811","Evans","depletion","English",0.49,0.7954,1,0.89,0.3053,6,6,2,5
"S0812","Evans","depletion","English",0.5045,0.7839,1,0.89,0.2794,7,2,1,1
"S0813","Evans","control","English",0.5062,0.7922,1,0.78,0.286,7,3,3,2
"S0814","Evans","depletion","English",0.5188,0.9698,0.98,0.85,0.4511,6,5,4,3
"S0815","Evans","control","English",0.5216,0.8083,1,0.83,0.2867,7,2,2,1
"S0816","Evans","depletion","English",0.5227,0.7696,0.99,0.9,0.2469,6,2,1,2
"S0817","Evans","depletion","English",0.5289,0.8986,0.99,0.92,0.3697,4,3,4,2
"S0818","Evans","control","English",0.5301,0.8781,0.99,0.94,0.3481,2,1,1,2
"S0819","Evans","control","English",0.5303,0.9572,1,0.83,0.4269,4,1,4,3
"S0820","Evans","depletion","English",0.5369,0.8576,0.98,0.9,0.3207,5,4,2,2
"S0821","Evans","depletion","English",0.5376,0.8485,1,0.91,0.3109,6,6,3,2
"S0822","Evans","depletion","English",0.5389,0.793,1,0.89,0.2542,7,5,4,4
"S0823","Evans","control","English",0.544,0.8097,1,0.98,0.2657,3,2,3,1
"S0824","Evans","depletion","English",0.548,0.8738,1,0.93,0.3257,5,4,6,4
"S0825","Evans","depletion","English",0.5567,0.8195,1,0.87,0.2628,5,3,3,3
"S0826","Evans","control","English",0.5572,0.912,1,0.87,0.3548,2,1,1,1
"S0827","Evans","control","English",0.563,0.9678,1,0.95,0.4048,1,1,1,1
"S0828","Evans","control","English",0.5707,0.8952,1,0.95,0.3245,3,1,1,1
"S0829","Evans","control","English",0.5749,1.046,0.97,0.76,0.4712,7,2,5,1
"S0830","Evans","control","English",0.5754,1.001,0.99,0.85,0.4256,2,1,2,1
"S0831","Evans","depletion","English",0.5871,0.8344,1,0.97,0.2473,7,5,4,3
"S0832","Evans","depletion","English",0.5875,0.913,1,0.96,0.3255,7,5,6,5
"S0833","Evans","control","English",0.5892,1.0237,1,0.74,0.4345,1,1,3,1
"S0834","Evans","control","English",0.5958,1.1882,0.99,0.77,0.5924,5,5,7,7
"S0835","Evans","depletion","English",0.5977,0.8656,0.99,0.83,0.2679,6,3,2,1
"S0836","Evans","control","English",0.6087,0.9229,0.99,0.92,0.3142,7,1,5,1
"S0837","Evans","depletion","English",0.6154,0.9026,1,0.88,0.2872,7,6,5,5
"S0838","Evans","depletion","English",0.6204,1.0318,1,0.93,0.4114,7,6,1,3
"S0839","Evans","depletion","English",0.6221,0.9392,1,0.98,0.3171,3,3,1,1
"S0840","Evans","depletion","English",0.6308,1.1167,1,0.96,0.4859,NA,NA,NA,NA
"S0841","Evans","control","English",0.632,1.0267,0.98,0.74,0.3947,5,2,1,2
"S0842","Evans","depletion","English",0.6331,0.9394,0.99,0.88,0.3063,4,1,2,2
"S0843","Evans","depletion","English",0.6335,0.8947,1,0.97,0.2612,5,3,6,1
"S0844","Evans","control","English",0.6368,0.9255,0.95,0.81,0.2887,6,1,6,4
"S0845","Evans","control","English",0.6376,0.9626,1,0.98,0.325,1,1,1,3
"S0846","Evans","control","English",0.6383,0.955,1,0.96,0.3167,2,1,1,1
"S0847","Evans","control","English",0.639,0.8776,1,0.93,0.2386,7,5,5,1
"S0848","Evans","control","English",0.6474,0.958,1,0.99,0.3106,7,1,1,1
"S0849","Evans","control","English",0.6505,0.9767,1,0.97,0.3262,7,2,5,1
"S0850","Evans","depletion","English",0.669,1.093,1,0.97,0.424,6,5,5,4
"S0851","Evans","depletion","English",0.6703,0.9843,0.99,0.95,0.314,5,3,4,2
"S0852","Evans","control","English",0.6714,1.0052,1,0.96,0.3338,4,2,1,1
"S0853","Evans","depletion","English",0.673,1.0166,1,0.9,0.3436,7,2,3,1
"S0854","Evans","depletion","English",0.6776,1.0601,0.99,0.98,0.3825,7,6,1,4
"S0855","Evans","control","English",0.68,0.9753,0.88,0.82,0.2952,3,2,4,1
"S0856","Evans","depletion","English",0.6825,1.0033,0.99,0.98,0.3208,5,5,3,3
"S0857","Evans","control","English",0.6893,0.8635,0.97,0.82,0.1741,2,1,4,3
"S0858","Evans","control","English",0.6981,1.0373,1,0.93,0.3392,1,1,2,1
"S0859","Evans","control","English",0.704,1.0163,1,0.95,0.3123,1,1,3,2
"S0860","Evans","control","English",0.7137,1.1095,1,0.94,0.3958,5,1,7,7
"S0861","Evans","control","English",0.724,0.9629,1,0.92,0.2388,4,1,5,1
"S0862","Evans","depletion","English",0.7356,1.0512,1,0.98,0.3156,4,1,1,2
"S0863","Evans","depletion","English",0.736,1.0125,1,0.98,0.2765,5,4,6,3
"S0864","Evans","control","English",0.7428,0.9619,0.99,0.97,0.2191,7,1,1,2
"S0865","Evans","control","English",0.7456,1.1078,1,0.95,0.3622,3,2,3,4
"S0866","Evans","control","English",0.7488,1.0228,1,0.92,0.2741,3,2,4,2
"S0867","Evans","control","English",0.7524,0.9812,1,0.99,0.2288,3,3,3,2
"S0868","Evans","control","English",0.7531,0.9495,0.99,1,0.1965,2,1,1,1
"S0869","Evans","control","English",0.7558,1.1509,1,0.97,0.395,1,1,1,2
"S0870","Evans","depletion","English",0.7588,1.0295,1,0.99,0.2706,7,6,2,4
"S0871","Evans","depletion","English",0.771,1.0959,1,0.93,0.3249,6,2,7,4
"S0872","Evans","depletion","English",0.7732,1.0089,1,0.99,0.2357,3,3,2,4
"S0873","Evans","control","English",0.7817,1.1976,0.97,0.93,0.4159,6,1,3,1
"S0874","Evans","depletion","English",0.7995,0.9798,1,0.96,0.1804,7,4,1,2
"S0875","Evans","depletion","English",0.8039,1.2334,1,0.96,0.4295,4,4,4,4
"S0876","Evans","control","English",0.807,1.1334,1,0.99,0.3264,1,1,2,1
"S0877","Evans","control","English",0.811,1.0615,1,0.93,0.2505,3,2,4,3
"S0878","Evans","depletion","English",0.8141,1.1565,1,0.99,0.3425,5,3,5,1
"S0879","Evans","depletion","English",0.8222,1.0178,1,0.99,0.1957,4,3,3,1
"S0880","Evans","control","English",0.8228,1.1461,1,0.97,0.3233,7,4,4,1
"S0881","Evans","depletion","English",0.8278,1.1662,1,0.98,0.3384,6,6,2,5
"S0882","Evans","control","English",0.8338,1.2588,0.94,0.84,0.425,1,1,5,1
"S0883","Evans","control","English",0.84,1.1126,1,0.99,0.2727,1,1,1,1
"S0884","Evans","control","English",0.8592,1.1639,1,0.98,0.3046,6,1,1,3
"S0885","Evans","control","English",0.8679,1.2166,1,0.85,0.3487,4,2,6,4
"S0886","Evans","control","English",0.8765,1.2447,1,0.92,0.3683,5,1,1,1
"S0887","Evans","depletion","English",0.8936,1.2461,1,0.96,0.3525,4,3,2,1
"S0888","Evans","depletion","English",0.9005,1.2892,1,0.99,0.3887,6,4,4,3
"S0889","Evans","control","English",0.9103,1.3859,1,0.89,0.4756,6,2,4,2
"S0890","Evans","control","English",0.9451,1.2287,1,0.97,0.2836,5,1,4,1
"S0891","Evans","control","English",0.9468,1.2087,1,0.88,0.2619,2,1,6,5
"S0892","Evans","depletion","English",0.9784,1.106,1,0.95,0.1277,5,3,3,1
"S0893","Evans","control","English",0.9893,1.2827,1,1,0.2934,1,1,1,1
"S0894","Evans","control","English",1.0396,1.2602,0.99,0.99,0.2206,4,2,3,2
"S0895","Hagger","control","English",0.3863,0.7518,0.99,0.71,0.3655,3,2,2,2
"S0896","Hagger","depletion","English",0.4182,0.8631,1,0.92,0.4449,5,5,2,2
"S0897","Hagger","control","English",0.4261,0.7386,1,0.79,0.3124,6,1,3,4
"S0898","Hagger","depletion","English",0.4341,0.6931,1,0.83,0.259,6,3,2,2
"S0899","Hagger","control","English",0.4388,0.8575,0.99,0.88,0.4187,7,4,2,2
"S0900","Hagger","control","English",0.4518,0.8081,1,0.86,0.3563,6,1,5,5
"S0901","Hagger","control","English",0.4529,0.8166,0.99,0.8,0.3637,7,4,1,2
"S0902","Hagger","depletion","English",0.4557,0.7406,1,0.88,0.2849,5,5,4,3
"S0903","Hagger","control","English",0.4558,0.6622,1,0.82,0.2064,6,2,3,1
"S0904","Hagger","control","English",0.4564,0.7933,1,0.85,0.337,4,3,3,2
"S0905","Hagger","control","English",0.4597,0.9129,1,0.87,0.4532,7,6,1,1
"S0906","Hagger","control","English",0.4608,0.7909,1,0.64,0.3301,6,2,3,1
"S0907","Hagger","control","English",0.4633,0.8301,0.97,0.76,0.3668,6,2,3,5
"S0908","Hagger","control","English",0.4653,0.7431,0.99,0.93,0.2778,3,2,3,1
"S0909","Hagger","control","English",0.4717,0.7826,1,0.91,0.3109,6,3,1,1
"S0910","Hagger","depletion","English",0.4734,0.9872,1,0.82,0.5138,5,5,3,5
"S0911","Hagger","depletion","English",0.4787,0.7964,0.99,0.75,0.3176,6,4,5,2
"S0912","Hagger","control","English",0.4831,0.9076,0.98,0.73,0.4246,6,2,1,1
"S0913","Hagger","control","English",0.4908,0.7793,0.97,0.73,0.2885,6,4,7,4
"S0914","Hagger","depletion","English",0.4934,0.8965,1,0.87,0.4031,5,5,3,4
"S0915","Hagger","control","English",0.4983,0.7878,0.98,0.87,0.2895,7,2,1,2
"S0916","Hagger","depletion","English",0.5057,0.7987,0.99,0.86,0.2929,6,7,6,2
"S0917","Hagger","control","English",0.5072,0.8541,1,0.94,0.3469,4,2,3,1
"S0918","Hagger","control","English",0.5088,0.801,1,0.94,0.2922,4,1,3,2
"S0919","Hagger","depletion","English",0.5182,0.7937,1,0.89,0.2755,3,2,4,2
"S0920","Hagger","depletion","English",0.5192,0.8657,1,0.74,0.3465,5,5,4,2
"S0921","Hagger","depletion","English",0.5192,0.8939,1,0.89,0.3747,6,6,6,3
"S0922","Hagger","depletion","English",0.5287,0.8647,0.99,0.91,0.336,1,5,7,1
"S0923","Hagger","depletion","English",0.5301,1.0923,1,0.96,0.5622,6,2,2,2
"S0924","Hagger","control","English",0.531,0.747,1,0.89,0.2161,6,1,4,1
"S0925","Hagger","control","English",0.5319,0.8417,1,0.96,0.3097,5,2,2,1
"S0926","Hagger","control","English",0.5396,0.811,1,0.86,0.2714,3,2,4,1
"S0927","Hagger","control","English",0.5414,0.956,0.98,0.92,0.4146,5,1,1,2
"S0928","Hagger","control","English",0.542,0.8502,1,0.84,0.3082,6,2,4,3
"S0929","Hagger","control","English",0.5429,0.8229,1,0.92,0.28,3,2,1,2
"S0930","Hagger","control","English",0.5448,1.0665,1,0.93,0.5217,7,2,1,2
"S0931","Hagger","depletion","English",0.5458,0.9041,1,0.95,0.3583,6,4,3,2
"S0932","Hagger","depletion","English",0.5483,1.0143,1,0.76,0.4659,5,5,5,4
"S0933","Hagger","depletion","English",0.5532,0.851,1,0.93,0.2977,5,3,5,3
"S0934","Hagger","depletion","English",0.5542,0.8556,1,0.88,0.3015,7,6,5,5
"S0935","Hagger","depletion","English",0.5607,1.0431,0.99,0.8,0.4823,6,5,4,5
"S0936","Hagger","depletion","English",0.5699,0.7866,1,0.95,0.2167,6,7,6,5
"S0937","Hagger","depletion","English",0.5711,0.9137,0.99,0.88,0.3427,6,6,3,4
"S0938","Hagger","depletion","English",0.5715,0.9473,1,0.92,0.3758,3,3,1,1
"S0939","Hagger","control","English",0.577,0.9901,1,0.97,0.4131,6,3,6,1
"S0940","Hagger","depletion","English",0.5806,0.8255,1,0.95,0.2449,6,5,4,2
"S0941","Hagger","control","English",0.5818,1.0053,0.98,0.91,0.4235,3,3,3,3
"S0942","Hagger","depletion","English",0.5833,0.8267,1,0.94,0.2435,6,4,5,2
"S0943","Hagger","control","English",0.5839,0.8221,1,0.97,0.2382,2,2,5,1
"S0944","Hagger","control","English",0.5862,1.0244,1,0.86,0.4382,6,2,4,2
"S0945","Hagger","depletion","English",0.5904,1.0527,1,0.82,0.4623,6,2,2,3
"S0946","Hagger","control","English",0.5946,0.89,0.99,0.95,0.2954,5,1,3,1
"S0947","Hagger","control","English",0.5961,0.8884,1,0.91,0.2923,3,2,2,1
"S0948","Hagger","control","English",0.6017,1.1386,1,0.95,0.5369,5,1,3,1
"S0949","Hagger","depletion","English",0.605,0.9104,1,0.87,0.3054,5,3,6,5
"S0950","Hagger","depletion","English",0.6134,0.9187,0.99,0.91,0.3053,3,6,2,3
"S0951","Hagger","control","English",0.6174,0.9775,0.98,0.92,0.3602,3,3,2,1
"S0952","Hagger","control","English",0.6181,1.1102,0.99,0.91,0.4922,6,3,4,1
"S0953","Hagger","control","English",0.6206,0.9314,1,0.96,0.3108,6,1,2,1
"S0954","Hagger","control","English",0.621,1.0985,0.98,0.87,0.4776,6,2,4,2
"S0955","Hagger","control","English",0.6263,0.9522,1,0.88,0.3259,4,1,5,1
"S0956","Hagger","control","English",0.6265,0.9235,0.99,0.9,0.2969,6,1,5,4
"S0957","Hagger","depletion","English",0.6299,0.973,0.99,0.95,0.3431,4,4,2,2
"S0958","Hagger","control","English",0.6319,1.1397,1,0.81,0.5078,3,2,5,3
"S0959","Hagger","control","English",0.6385,1.1467,0.99,0.88,0.5082,5,3,6,5
"S0960","Hagger","depletion","English",0.6432,0.9741,1,0.95,0.3309,5,5,3,6
"S0961","Hagger","depletion","English",0.6435,0.8517,0.99,0.83,0.2082,5,4,4,4
"S0962","Hagger","depletion","English",0.6458,0.915,1,0.95,0.2693,6,2,5,2
"S0963","Hagger","control","English",0.6502,0.9827,1,0.92,0.3325,5,2,4,1
"S0964","Hagger","control","English",0.6509,0.8525,0.99,0.93,0.2016,6,1,4,1
"S0965","Hagger","control","English",0.6543,0.9534,1,0.9,0.2991,6,4,2,4
"S0966","Hagger","depletion","English",0.6543,0.8251,1,0.98,0.1708,5,5,2,4
"S0967","Hagger","control","English",0.6576,0.9513,1,0.9,0.2936,7,1,5,1
"S0968","Hagger","depletion","English",0.6596,1.1507,1,0.93,0.4911,5,5,5,5
"S0969","Hagger","control","English",0.665,1.0377,0.99,0.96,0.3727,6,2,4,2
"S0970","Hagger","control","English",0.6718,1.0069,1,0.88,0.3351,6,2,3,5
"S0971","Hagger","depletion","English",0.6738,0.968,1,0.96,0.2942,7,6,5,5
"S0972","Hagger","control","English",0.6743,0.9482,1,0.98,0.2739,7,2,5,1
"S0973","Hagger","depletion","English",0.6904,1.0687,0.99,0.98,0.3782,7,4,5,4
"S0974","Hagger","depletion","English",0.6934,0.8804,1,0.99,0.187,6,5,4,4
"S0975","Hagger","control","English",0.6935,1.1613,1,0.98,0.4679,2,2,4,4
"S0976","Hagger","depletion","English",0.6935,0.9449,1,0.98,0.2515,6,2,5,1
"S0977","Hagger","control","English",0.7028,1.0296,0.99,0.92,0.3267,3,2,2,1
"S0978","Hagger","control","English",0.7032,1.0203,1,0.91,0.3172,3,1,5,1
"S0979","Hagger","depletion","English",0.7033,1.037,0.99,0.9,0.3337,5,5,7,6
"S0980","Hagger","depletion","English",0.7052,1.0863,1,0.97,0.381,6,5,4,2
"S0981","Hagger","depletion","English",0.7075,0.9252,0.98,0.85,0.2177,5,3,6,4
"S0982","Hagger","control","English",0.7115,1.1513,1,0.93,0.4398,4,2,3,1
"S0983","Hagger","control","English",0.7137,1.1321,0.99,0.83,0.4184,4,2,2,2
"S0984","Hagger","depletion","English",0.7148,1.04,1,0.97,0.3253,5,3,2,4
"S0985","Hagger","depletion","English",0.7207,1.0283,0.98,0.83,0.3076,5,6,5,5
"S0986","Hagger","control","English",0.74,0.9645,1,0.97,0.2246,6,2,1,1
"S0987","Hagger","control","English",0.7544,1.2022,0.98,0.96,0.4477,2,2,1,2
"S0988","Hagger","depletion","English",0.7582,1.0364,1,0.94,0.2782,6,6,3,1
"S0989","Hagger","depletion","English",0.7698,1.065,1,0.91,0.2952,7,5,5,7
"S0990","Hagger","control","English",0.7761,1.1296,1,0.97,0.3535,5,3,5,3
"S0991","Hagger","control","English",0.802,0.9974,1,0.99,0.1955,3,1,5,1
"S0992","Hagger","depletion","English",0.8132,1.1607,1,1,0.3475,6,2,3,6
"S0993","Hagger","depletion","English",0.8251,1.0717,1,0.96,0.2466,6,4,3,3
"S0994","Hagger","depletion","English",0.826,1.2966,1,0.89,0.4706,4,3,4,2
"S0995","Hagger","depletion","English",0.8347,1.2666,1,0.99,0.4319,6,4,3,3
"S0996","Inz","depletion","English",0.3918,0.6707,1,0.74,0.2789,5,4,2,3
"S0997","Inz","depletion","English",0.4326,0.7897,1,0.62,0.3571,6,2,1,4
"S0998","Inz","control","English",0.4417,0.8518,0.99,0.72,0.4101,4,1,1,2
"S0999","Inz","control","English",0.4482,0.6459,1,0.85,0.1977,3,5,3,1
"S1000","Inz","control","English",0.4546,0.5851,1,0.75,0.1305,5,4,2,1
"S1001","Inz","depletion","English",0.4609,0.7021,1,0.69,0.2411,5,3,6,6
"S1002","Inz","control","English",0.4702,0.7059,0.99,0.96,0.2357,2,2,1,1
"S1003","Inz","control","English",0.4733,0.8451,0.99,0.8,0.3718,5,2,1,1
"S1004","Inz","depletion","English",0.4799,0.741,0.99,0.73,0.2611,5,2,6,2
"S1005","Inz","depletion","English",0.4842,0.7934,1,0.64,0.3092,7,5,6,3
"S1006","Inz","control","English",0.4864,0.7001,1,0.84,0.2137,2,2,1,2
"S1007","Inz","depletion","English",0.4924,0.9423,0.99,0.9,0.4498,6,5,4,4
"S1008","Inz","depletion","English",0.4999,0.6943,1,0.91,0.1944,4,3,1,2
"S1009","Inz","depletion","English",0.5002,0.8218,0.99,0.8,0.3215,4,2,5,5
"S1010","Inz","depletion","English",0.5015,0.822,0.97,0.66,0.3204,6,5,4,4
"S1011","Inz","depletion","English",0.5029,0.8611,1,0.8,0.3582,5,5,3,5
"S1012","Inz","control","English",0.5124,0.7101,1,0.92,0.1978,5,1,4,2
"S1013","Inz","control","English",0.5124,0.761,1,0.92,0.2486,4,1,2,2
"S1014","Inz","control","English",0.5164,0.8911,1,0.96,0.3747,2,1,1,1
"S1015","Inz","depletion","English",0.5256,0.7832,0.96,0.82,0.2576,1,1,1,5
"S1016","Inz","depletion","English",0.5324,0.9275,1,0.95,0.3952,5,4,3,3
"S1017","Inz","depletion","English",0.5362,0.8422,0.99,0.62,0.306,4,3,4,5
"S1018","Inz","depletion","English",0.5407,0.7561,1,0.69,0.2154,5,5,2,6
"S1019","Inz","depletion","English",0.5409,0.8138,1,0.88,0.2729,4,4,1,3
"S1020","Inz","depletion","English",0.5558,0.8389,1,0.86,0.2831,5,3,7,6
"S1021","Inz","control","English",0.5606,0.9754,0.99,0.73,0.4148,2,2,4,2
"S1022","Inz","control","English",0.5853,0.9486,1,0.9,0.3633,3,1,2,1
"S1023","Inz","control","English",0.5854,0.9284,0.99,0.95,0.343,1,1,4,2
"S1024","Inz","control","English",0.5893,0.8938,1,0.91,0.3045,2,1,6,1
"S1025","Inz","control","English",0.6029,0.9499,1,0.84,0.3471,3,2,1,1
"S1026","Inz","control","English",0.6064,0.9242,0.98,0.9,0.3178,7,1,6,4
"S1027","Inz","control","English",0.6118,1.0123,0.99,0.92,0.4005,1,1,1,1
"S1028","Inz","control","English",0.6167,0.8959,1,0.93,0.2792,7,1,1,2
"S1029","Inz","depletion","English",0.6245,0.8752,1,0.94,0.2507,6,5,4,3
"S1030","Inz","control","English",0.6313,0.7655,1,0.88,0.1343,6,1,4,1
"S1031","Inz","depletion","English",0.6366,0.8494,1,0.95,0.2128,5,5,3,5
"S1032","Inz","control","English",0.6409,1.1392,1,0.88,0.4983,3,1,1,1
"S1033","Inz","control","English",0.655,0.955,1,0.97,0.3,6,6,6,1
"S1034","Inz","control","English",0.6589,1.1507,1,0.96,0.4918,5,5,4,4
"S1035","Inz","depletion","English",0.6621,1.074,1,0.93,0.4119,5,2,1,2
"S1036","Inz","control","English",0.673,1.0839,0.97,0.77,0.4109,4,4,3,5
"S1037","Inz","control","English",0.692,1.1053,1,0.95,0.4133,2,2,2,2
"S1038","Inz","control","English",0.7118,1.0366,1,0.98,0.3248,4,1,2,1
"S1039","Inz","depletion","English",0.7207,1.0251,1,0.9,0.3044,7,5,4,3
"S1040","Inz","depletion","English",0.7256,1.0153,1,0.99,0.2897,6,1,4,2
"S1041","Inz","control","English",0.7272,1.0539,0.97,0.8,0.3267,1,1,1,1
"S1042","Inz","depletion","English",0.7283,0.9475,0.99,0.93,0.2192,3,3,5,4
"S1043","Inz","control","English",0.7297,1.023,0.99,0.93,0.2933,7,1,2,1
"S1044","Inz","depletion","English",0.8254,1.1867,1,0.98,0.3613,7,5,1,3
"S1045","Inz","control","English",0.8416,0.9989,1,0.93,0.1573,7,3,4,5
"S1046","LangeHeiseHoemann","control","NonEnglish",0.4221,0.738,1,0.9,0.3159,3,1,3,1
"S1047","LangeHeiseHoemann","control","NonEnglish",0.4244,0.6718,1,0.84,0.2475,2,2,1,1
"S1048","LangeHeiseHoemann","control","NonEnglish",0.4356,0.8366,0.99,0.87,0.401,5,1,4,1
"S1049","LangeHeiseHoemann","control","NonEnglish",0.4388,0.6756,1,0.88,0.2369,3,2,5,2
"S1050","LangeHeiseHoemann","depletion","NonEnglish",0.4402,0.7553,1,0.9,0.3152,6,4,5,2
"S1051","LangeHeiseHoemann","control","NonEnglish",0.447,0.7007,1,0.89,0.2537,2,1,5,1
"S1052","LangeHeiseHoemann","control","NonEnglish",0.4584,0.7718,1,0.84,0.3133,5,3,5,3
"S1053","LangeHeiseHoemann","control","NonEnglish",0.4588,0.7046,1,0.93,0.2458,2,2,3,1
"S1054","LangeHeiseHoemann","control","NonEnglish",0.4596,0.7439,0.99,0.75,0.2844,3,2,4,2
"S1055","LangeHeiseHoemann","depletion","NonEnglish",0.4649,0.6869,0.98,0.87,0.222,3,4,5,2
"S1056","LangeHeiseHoemann","depletion","NonEnglish",0.465,0.7027,1,0.97,0.2377,4,3,3,3
"S1057","LangeHeiseHoemann","control","NonEnglish",0.4655,0.728,1,0.93,0.2625,5,4,2,2
"S1058","LangeHeiseHoemann","depletion","NonEnglish",0.467,0.7677,1,0.94,0.3007,6,5,2,3
"S1059","LangeHeiseHoemann","depletion","NonEnglish",0.4709,0.7025,1,0.98,0.2316,5,5,6,2
"S1060","LangeHeiseHoemann","control","NonEnglish",0.474,0.7129,1,0.62,0.2389,2,1,4,2
"S1061","LangeHeiseHoemann","depletion","NonEnglish",0.4741,0.7948,0.99,0.93,0.3208,4,3,2,3
"S1062","LangeHeiseHoemann","control","NonEnglish",0.4793,0.7314,0.98,0.9,0.2521,5,1,3,4
"S1063","LangeHeiseHoemann","control","NonEnglish",0.4799,0.845,1,0.88,0.3651,3,2,5,2
"S1064","LangeHeiseHoemann","control","NonEnglish",0.4815,0.8524,1,0.92,0.3709,3,2,5,4
"S1065","LangeHeiseHoemann","depletion","NonEnglish",0.486,0.858,1,0.96,0.3721,5,4,7,2
"S1066","LangeHeiseHoemann","depletion","NonEnglish",0.4866,0.7871,1,0.92,0.3006,5,5,3,4
"S1067","LangeHeiseHoemann","depletion","NonEnglish",0.4867,0.833,1,0.96,0.3463,3,5,6,4
"S1068","LangeHeiseHoemann","control","NonEnglish",0.4868,0.7534,0.99,0.85,0.2665,2,2,3,2
"S1069","LangeHeiseHoemann","depletion","NonEnglish",0.4881,0.8356,1,0.95,0.3475,3,3,2,4
"S1070","LangeHeiseHoemann","depletion","NonEnglish",0.4885,0.7592,0.99,0.95,0.2707,4,3,2,1
"S1071","LangeHeiseHoemann","control","NonEnglish",0.4886,0.8266,1,0.87,0.338,5,3,5,1
"S1072","LangeHeiseHoemann","control","NonEnglish",0.4903,0.7809,1,0.96,0.2906,4,3,2,2
"S1073","LangeHeiseHoemann","control","NonEnglish",0.4913,0.9211,1,0.98,0.4298,3,2,3,3
"S1074","LangeHeiseHoemann","depletion","NonEnglish",0.4956,0.8308,1,0.98,0.3351,3,2,3,5
"S1075","LangeHeiseHoemann","depletion","NonEnglish",0.4962,0.7252,1,0.94,0.229,4,3,5,1
"S1076","LangeHeiseHoemann","depletion","NonEnglish",0.4968,0.817,1,0.97,0.3202,2,2,3,1
"S1077","LangeHeiseHoemann","control","NonEnglish",0.499,0.7465,1,0.85,0.2475,3,2,2,2
"S1078","LangeHeiseHoemann","depletion","NonEnglish",0.5015,0.8469,1,0.9,0.3454,4,3,3,2
"S1079","LangeHeiseHoemann","control","NonEnglish",0.5036,0.8121,0.99,0.82,0.3085,4,1,2,5
"S1080","LangeHeiseHoemann","control","NonEnglish",0.5064,0.869,1,0.89,0.3626,2,2,3,2
"S1081","LangeHeiseHoemann","depletion","NonEnglish",0.5099,0.8529,1,0.91,0.3429,2,2,1,1
"S1082","LangeHeiseHoemann","depletion","NonEnglish",0.5113,0.8922,1,0.94,0.3809,3,3,1,5
"S1083","LangeHeiseHoemann","depletion","NonEnglish",0.5128,0.8588,0.99,0.9,0.346,4,5,4,3
"S1084","LangeHeiseHoemann","control","NonEnglish",0.5162,0.9696,1,0.94,0.4535,2,2,3,1
"S1085","LangeHeiseHoemann","depletion","NonEnglish",0.5198,0.934,1,0.93,0.4142,3,4,5,1
"S1086","LangeHeiseHoemann","control","NonEnglish",0.5213,0.8466,0.99,0.84,0.3253,4,2,6,2
"S1087","LangeHeiseHoemann","depletion","NonEnglish",0.5259,0.8665,1,0.98,0.3405,2,2,2,3
"S1088","LangeHeiseHoemann","depletion","NonEnglish",0.5296,0.8473,1,0.93,0.3176,3,3,2,1
"S1089","LangeHeiseHoemann","depletion","NonEnglish",0.5309,0.8497,0.99,1,0.3188,4,3,2,3
"S1090","LangeHeiseHoemann","depletion","NonEnglish",0.5322,0.9014,1,0.88,0.3692,3,4,4,2
"S1091","LangeHeiseHoemann","depletion","NonEnglish",0.5464,0.9495,1,0.96,0.4032,6,5,4,5
"S1092","LangeHeiseHoemann","depletion","NonEnglish",0.5517,0.8951,1,0.99,0.3434,6,6,5,5
"S1093","LangeHeiseHoemann","depletion","NonEnglish",0.5537,0.7931,1,0.97,0.2394,3,5,1,4
"S1094","LangeHeiseHoemann","depletion","NonEnglish",0.5538,0.8863,1,0.94,0.3325,3,2,1,1
"S1095","LangeHeiseHoemann","control","NonEnglish",0.5543,0.898,0.98,0.82,0.3437,3,2,5,6
"S1096","LangeHeiseHoemann","depletion","NonEnglish",0.5566,0.8636,1,0.88,0.307,2,3,1,2
"S1097","LangeHeiseHoemann","depletion","NonEnglish",0.5603,0.9564,0.99,0.84,0.3961,3,3,4,4
"S1098","LangeHeiseHoemann","depletion","NonEnglish",0.5614,0.9548,1,0.93,0.3934,3,3,3,4
"S1099","LangeHeiseHoemann","control","NonEnglish",0.5661,1.0034,1,0.85,0.4373,5,3,1,1
"S1100","LangeHeiseHoemann","depletion","NonEnglish",0.5686,0.8205,1,0.93,0.2519,3,3,2,1
"S1101","LangeHeiseHoemann","depletion","NonEnglish",0.5712,0.8222,1,0.96,0.2511,3,1,5,2
"S1102","LangeHeiseHoemann","control","NonEnglish",0.5773,0.8199,0.99,0.95,0.2426,2,2,3,2
"S1103","LangeHeiseHoemann","depletion","NonEnglish",0.5782,0.8569,1,0.92,0.2787,2,3,1,4
"S1104","LangeHeiseHoemann","depletion","NonEnglish",0.5812,0.944,1,0.96,0.3628,4,3,2,5
"S1105","LangeHeiseHoemann","control","NonEnglish",0.5824,0.9219,1,0.94,0.3395,3,3,5,2
"S1106","LangeHeiseHoemann","control","NonEnglish",0.5851,0.93,1,0.97,0.3448,2,1,5,1
"S1107","LangeHeiseHoemann","control","NonEnglish",0.5854,0.8927,1,0.95,0.3074,3,2,3,1
"S1108","LangeHeiseHoemann","control","NonEnglish",0.5855,0.8671,1,0.91,0.2816,2,3,3,1
"S1109","LangeHeiseHoemann","depletion","NonEnglish",0.5897,0.8725,1,0.96,0.2828,4,3,3,1
"S1110","LangeHeiseHoemann","depletion","NonEnglish",0.5963,0.9907,1,0.76,0.3944,2,1,1,2
"S1111","LangeHeiseHoemann","depletion","NonEnglish",0.5985,0.8826,1,0.98,0.2841,5,5,5,5
"S1112","LangeHeiseHoemann","control","NonEnglish",0.5985,0.9161,1,0.96,0.3176,3,2,6,1
"S1113","LangeHeiseHoemann","depletion","NonEnglish",0.5988,0.8966,1,0.96,0.2978,4,5,3,4
"S1114","LangeHeiseHoemann","control","NonEnglish",0.6031,0.9324,0.99,0.99,0.3293,4,2,4,1
"S1115","LangeHeiseHoemann","control","NonEnglish",0.6051,1.0481,1,0.95,0.443,2,2,1,1
"S1116","LangeHeiseHoemann","control","NonEnglish",0.608,0.8415,1,0.9,0.2335,3,2,4,3
"S1117","LangeHeiseHoemann","control","NonEnglish",0.611,1.0923,1,0.9,0.4812,5,5,2,1
"S1118","LangeHeiseHoemann","depletion","NonEnglish",0.6125,0.7765,0.99,0.96,0.1641,2,2,2,3
"S1119","LangeHeiseHoemann","control","NonEnglish",0.6134,0.9535,1,0.97,0.3401,3,2,2,1
"S1120","LangeHeiseHoemann","control","NonEnglish",0.6142,0.8162,1,1,0.2021,5,1,2,3
"S1121","LangeHeiseHoemann","depletion","NonEnglish",0.6168,0.8644,1,0.98,0.2476,5,5,3,1
"S1122","LangeHeiseHoemann","control","NonEnglish",0.6188,0.9099,1,0.98,0.2911,2,2,3,1
"S1123","LangeHeiseHoemann","depletion","NonEnglish",0.6222,1.0247,1,0.96,0.4025,4,5,4,3
"S1124","LangeHeiseHoemann","control","NonEnglish",0.6227,0.8738,1,0.98,0.2511,2,1,2,1
"S1125","LangeHeiseHoemann","control","NonEnglish",0.6252,1.128,1,0.99,0.5027,2,2,5,1
"S1126","LangeHeiseHoemann","control","NonEnglish",0.6267,0.8881,1,0.94,0.2613,3,3,5,3
"S1127","LangeHeiseHoemann","control","NonEnglish",0.6296,0.9629,1,0.97,0.3333,2,1,5,1
"S1128","LangeHeiseHoemann","control","NonEnglish",0.6304,1.0649,0.98,0.93,0.4345,2,2,3,1
"S1129","LangeHeiseHoemann","depletion","NonEnglish",0.6306,0.9715,0.99,0.97,0.3409,5,5,2,6
"S1130","LangeHeiseHoemann","depletion","NonEnglish",0.6311,0.8812,1,0.98,0.25,5,5,4,3
"S1131","LangeHeiseHoemann","depletion","NonEnglish",0.6377,0.8631,1,0.98,0.2254,3,4,1,6
"S1132","LangeHeiseHoemann","control","NonEnglish",0.6381,1.1144,1,0.95,0.4763,2,1,6,1
"S1133","LangeHeiseHoemann","control","NonEnglish",0.6403,1.0065,0.98,0.94,0.3662,1,1,1,1
"S1134","LangeHeiseHoemann","depletion","NonEnglish",0.6416,0.97,1,0.97,0.3284,5,4,2,5
"S1135","LangeHeiseHoemann","control","NonEnglish",0.6541,0.9128,1,0.99,0.2587,3,2,2,1
"S1136","LangeHeiseHoemann","depletion","NonEnglish",0.6571,0.978,0.99,1,0.3209,2,2,3,2
"S1137","LangeHeiseHoemann","depletion","NonEnglish",0.6601,1.0728,1,0.96,0.4128,5,5,4,3
"S1138","LangeHeiseHoemann","depletion","NonEnglish",0.6707,0.9504,1,0.93,0.2797,6,4,2,3
"S1139","LangeHeiseHoemann","control","NonEnglish",0.6722,0.9538,0.99,0.97,0.2816,3,2,4,6
"S1140","LangeHeiseHoemann","control","NonEnglish",0.6978,1.0826,0.99,0.95,0.3848,2,2,1,2
"S1141","LangeHeiseHoemann","depletion","NonEnglish",0.6997,1.0663,1,0.98,0.3666,5,5,5,5
"S1142","LangeHeiseHoemann","control","NonEnglish",0.7112,1.2038,1,0.97,0.4926,5,3,3,2
"S1143","LangeHeiseHoemann","control","NonEnglish",0.7151,1.1891,1,0.98,0.474,4,2,3,1
"S1144","LangeHeiseHoemann","depletion","NonEnglish",0.7209,0.9417,1,0.98,0.2208,4,5,2,1
"S1145","LangeHeiseHoemann","depletion","NonEnglish",0.725,0.927,1,0.99,0.2021,5,4,5,1
"S1146","LangeHeiseHoemann","depletion","NonEnglish",0.7311,1.0401,0.99,0.99,0.309,6,5,7,5
"S1147","LangeHeiseHoemann","control","NonEnglish",0.737,1.1999,1,0.92,0.4629,2,1,3,1
"S1148","LangeHeiseHoemann","control","NonEnglish",0.7464,1.1519,1,0.97,0.4055,2,2,1,1
"S1149","LangeHeiseHoemann","depletion","NonEnglish",0.7624,1.1403,1,0.97,0.3779,3,5,2,2
"S1150","LangeHeiseHoemann","depletion","NonEnglish",0.7874,1.0041,1,0.99,0.2167,5,4,5,3
"S1151","LangeHeiseHoemann","control","NonEnglish",0.8717,1.0987,1,0.99,0.227,2,2,1,3
"S1152","Muller_Zerhouni","control","NonEnglish",0.5035,0.8528,1,0.87,0.3493,2,1,7,5
"S1153","Muller_Zerhouni","depletion","NonEnglish",0.5164,0.8989,0.99,0.62,0.3825,7,6,2,2
"S1154","Muller_Zerhouni","control","NonEnglish",0.5249,0.8303,1,0.87,0.3054,3,2,1,7
"S1155","Muller_Zerhouni","control","NonEnglish",0.5271,1.1958,1,0.89,0.6688,3,3,1,2
"S1156","Muller_Zerhouni","control","NonEnglish",0.5341,0.9003,1,0.86,0.3663,4,3,3,3
"S1157","Muller_Zerhouni","control","NonEnglish",0.5419,1.0435,1,0.93,0.5016,1,1,2,1
"S1158","Muller_Zerhouni","control","NonEnglish",0.5569,0.8427,1,0.96,0.2858,5,1,2,1
"S1159","Muller_Zerhouni","depletion","NonEnglish",0.56,0.9974,1,0.89,0.4374,5,6,2,5
"S1160","Muller_Zerhouni","depletion","NonEnglish",0.5619,0.8816,1,0.89,0.3196,6,6,3,5
"S1161","Muller_Zerhouni","depletion","NonEnglish",0.5703,0.9197,1,0.88,0.3494,5,5,4,6
"S1162","Muller_Zerhouni","control","NonEnglish",0.5709,1.0515,1,0.84,0.4805,6,2,3,4
"S1163","Muller_Zerhouni","depletion","NonEnglish",0.5713,1.066,1,0.84,0.4947,7,6,5,5
"S1164","Muller_Zerhouni","depletion","NonEnglish",0.5744,0.8971,1,0.96,0.3227,6,7,6,7
"S1165","Muller_Zerhouni","control","NonEnglish",0.5765,0.9198,0.99,0.9,0.3433,3,2,4,4
"S1166","Muller_Zerhouni","depletion","NonEnglish",0.5777,0.9501,1,0.86,0.3724,5,4,5,5
"S1167","Muller_Zerhouni","control","NonEnglish",0.5839,0.9496,1,0.87,0.3657,1,2,3,5
"S1168","Muller_Zerhouni","depletion","NonEnglish",0.5845,0.9213,0.99,0.83,0.3368,5,4,2,4
"S1169","Muller_Zerhouni","depletion","NonEnglish",0.5847,0.8844,1,0.92,0.2996,4,3,6,2
"S1170","Muller_Zerhouni","depletion","NonEnglish",0.5849,0.9844,0.99,0.75,0.3995,4,4,3,3
"S1171","Muller_Zerhouni","control","NonEnglish",0.5914,1.1502,1,0.83,0.5588,4,2,6,3
"S1172","Muller_Zerhouni","depletion","NonEnglish",0.5921,0.947,1,0.85,0.3548,7,4,2,5
"S1173","Muller_Zerhouni","depletion","NonEnglish",0.5971,0.9439,0.99,0.88,0.3468,4,5,3,6
"S1174","Muller_Zerhouni","control","NonEnglish",0.6046,1.0017,1,0.91,0.3971,2,1,3,4
"S1175","Muller_Zerhouni","control","NonEnglish",0.6076,0.9582,1,0.93,0.3506,2,1,3,1
"S1176","Muller_Zerhouni","control","NonEnglish",0.6079,0.9236,0.99,0.8,0.3158,2,2,5,5
"S1177","Muller_Zerhouni","depletion","NonEnglish",0.609,0.9308,1,0.85,0.3219,5,5,6,2
"S1178","Muller_Zerhouni","depletion","NonEnglish",0.6139,1.0003,1,0.87,0.3864,3,3,2,2
"S1179","Muller_Zerhouni","depletion","NonEnglish",0.6164,1.1057,1,0.96,0.4893,6,5,5,7
"S1180","Muller_Zerhouni","control","NonEnglish",0.6175,0.9386,0.99,0.77,0.321,5,2,6,1
"S1181","Muller_Zerhouni","control","NonEnglish",0.6204,0.9746,1,0.88,0.3541,2,2,4,1
"S1182","Muller_Zerhouni","control","NonEnglish",0.6265,1.1554,1,0.96,0.5289,4,3,6,2
"S1183","Muller_Zerhouni","control","NonEnglish",0.6274,1.0648,1,0.88,0.4374,4,1,1,1
"S1184","Muller_Zerhouni","control","NonEnglish",0.6299,1.0279,1,0.96,0.398,1,1,6,1
"S1185","Muller_Zerhouni","control","NonEnglish",0.6308,1.1496,1,0.85,0.5188,4,4,6,1
"S1186","Muller_Zerhouni","control","NonEnglish",0.6312,1.0215,1,0.92,0.3902,2,2,4,1
"S1187","Muller_Zerhouni","control","NonEnglish",0.6339,0.9963,1,0.89,0.3623,6,2,3,1
"S1188","Muller_Zerhouni","control","NonEnglish",0.6372,0.9808,1,0.91,0.3436,1,1,6,1
"S1189","Muller_Zerhouni","control","NonEnglish",0.645,1.0648,0.99,0.88,0.4198,1,1,2,5
"S1190","Muller_Zerhouni","depletion","NonEnglish",0.6451,0.9361,0.98,0.87,0.291,3,3,3,1
"S1191","Muller_Zerhouni","depletion","NonEnglish",0.649,1.012,0.99,0.95,0.363,6,6,6,4
"S1192","Muller_Zerhouni","control","NonEnglish",0.6605,1.0957,0.99,0.86,0.4352,3,3,2,1
"S1193","Muller_Zerhouni","control","NonEnglish",0.6609,1.0466,1,0.84,0.3857,2,1,1,1
"S1194","Muller_Zerhouni","control","NonEnglish",0.665,1.1862,1,0.83,0.5212,5,3,5,5
"S1195","Muller_Zerhouni","depletion","NonEnglish",0.6654,0.9389,1,1,0.2735,6,2,1,2
"S1196","Muller_Zerhouni","control","NonEnglish",0.6675,1.1187,0.99,0.89,0.4512,3,1,6,4
"S1197","Muller_Zerhouni","depletion","NonEnglish",0.6678,0.9843,0.99,0.94,0.3165,6,6,7,5
"S1198","Muller_Zerhouni","control","NonEnglish",0.6699,1.0209,0.99,0.8,0.351,2,2,2,3
"S1199","Muller_Zerhouni","depletion","NonEnglish",0.6832,1.1192,1,0.95,0.436,7,6,1,2
"S1200","Muller_Zerhouni","depletion","NonEnglish",0.6949,1.0242,1,0.92,0.3293,6,4,5,3
"S1201","Muller_Zerhouni","depletion","NonEnglish",0.7143,1.1027,0.99,0.93,0.3884,4,3,2,6
"S1202","Muller_Zerhouni","depletion","NonEnglish",0.7195,1.0264,1,0.9,0.3068,5,5,6,4
"S1203","Muller_Zerhouni","control","NonEnglish",0.7234,1.1366,1,0.96,0.4132,2,2,4,5
"S1204","Muller_Zerhouni","depletion","NonEnglish",0.7309,1.1057,1,0.83,0.3747,5,4,6,3
"S1205","Muller_Zerhouni","control","NonEnglish",0.7314,1.2266,1,0.93,0.4952,5,2,6,5
"S1206","Muller_Zerhouni","control","NonEnglish",0.7349,1.199,1,0.94,0.4641,2,2,3,1
"S1207","Muller_Zerhouni","depletion","NonEnglish",0.7388,0.9966,1,0.96,0.2577,4,4,4,2
"S1208","Muller_Zerhouni","control","NonEnglish",0.7469,1.076,1,0.93,0.3291,3,1,1,6
"S1209","Muller_Zerhouni","control","NonEnglish",0.7575,1.2431,1,0.88,0.4856,5,2,5,1
"S1210","Muller_Zerhouni","control","NonEnglish",0.7597,0.9517,0.99,0.86,0.1919,1,1,1,1
"S1211","Muller_Zerhouni","control","NonEnglish",0.7624,1.3391,1,0.88,0.5767,5,2,7,6
"S1212","Muller_Zerhouni","control","NonEnglish",0.7687,1.1392,0.99,0.86,0.3705,2,2,3,4
"S1213","Muller_Zerhouni","control","NonEnglish",0.7746,1.2259,1,0.95,0.4513,6,3,4,5
"S1214","Muller_Zerhouni","control","NonEnglish",0.7793,1.185,1,0.96,0.4057,3,2,5,3
"S1215","Muller_Zerhouni","depletion","NonEnglish",0.7802,1.1066,1,0.88,0.3264,7,7,6,3
"S1216","Muller_Zerhouni","control","NonEnglish",0.7847,1.0374,1,0.96,0.2527,2,1,1,3
"S1217","Muller_Zerhouni","control","NonEnglish",0.7896,1.1253,1,0.9,0.3357,2,1,2,5
"S1218","Muller_Zerhouni","control","NonEnglish",0.7925,1.2976,1,0.96,0.5051,2,1,3,2
"S1219","Muller_Zerhouni","depletion","NonEnglish",0.7961,1.0944,1,0.91,0.2983,5,6,4,3
"S1220","Muller_Zerhouni","depletion","NonEnglish",0.8016,1.3167,0.92,0.69,0.5151,5,5,5,4
"S1221","Muller_Zerhouni","depletion","NonEnglish",0.8037,1.1924,1,0.93,0.3887,6,5,5,3
"S1222","Muller_Zerhouni","control","NonEnglish",0.8042,1.2406,1,0.87,0.4364,2,1,2,3
"S1223","Muller_Zerhouni","control","NonEnglish",0.8197,1.2404,1,0.91,0.4207,4,1,5,6
"S1224","Muller_Zerhouni","control","NonEnglish",0.8922,1.271,1,0.91,0.3788,2,2,4,6
"S1225","Muller_Zerhouni","depletion","NonEnglish",0.9095,1.333,1,0.98,0.4235,6,6,5,6
"S1226","Muller_Zerhouni","control","NonEnglish",0.9699,1.2864,0.99,0.87,0.3165,2,1,6,1
"S1227","Muller_Zerhouni","control","NonEnglish",0.979,1.3985,1,0.99,0.4196,2,2,2,1
"S1228","Muller_Zerhouni","depletion","NonEnglish",0.983,1.3732,1,0.93,0.3902,5,4,2,1
"S1229","Muller_Zerhouni","depletion","NonEnglish",1.1069,1.1771,0.99,0.94,0.0702,6,6,4,2
"S1230","Otgaar","control","NonEnglish",0.4328,0.7869,1,0.9,0.3541,5,2,5,1
"S1231","Otgaar","control","NonEnglish",0.4373,0.7426,0.99,0.86,0.3053,2,2,3,3
"S1232","Otgaar","depletion","NonEnglish",0.4404,0.896,1,0.78,0.4557,5,4,6,3
"S1233","Otgaar","depletion","NonEnglish",0.4682,0.7587,1,0.84,0.2904,2,3,2,1
"S1234","Otgaar","control","NonEnglish",0.4688,0.8135,1,0.84,0.3447,6,1,4,1
"S1235","Otgaar","depletion","NonEnglish",0.4718,0.7079,1,0.9,0.2361,2,2,6,1
"S1236","Otgaar","control","NonEnglish",0.4722,0.7658,0.99,0.74,0.2936,6,5,2,2
"S1237","Otgaar","depletion","NonEnglish",0.48,0.7533,1,0.95,0.2733,5,6,1,6
"S1238","Otgaar","control","NonEnglish",0.4804,0.7568,1,0.98,0.2764,5,2,6,1
"S1239","Otgaar","control","NonEnglish",0.4829,0.6925,0.99,0.95,0.2096,5,2,4,1
"S1240","Otgaar","depletion","NonEnglish",0.483,0.7071,1,0.84,0.2241,3,2,6,2
"S1241","Otgaar","control","NonEnglish",0.4865,0.8135,1,0.93,0.327,2,1,5,1
"S1242","Otgaar","control","NonEnglish",0.4879,0.7031,1,0.9,0.2152,6,1,3,1
"S1243","Otgaar","control","NonEnglish",0.4944,0.763,1,0.92,0.2686,2,1,2,1
"S1244","Otgaar","depletion","NonEnglish",0.5038,0.8839,1,0.87,0.38,6,4,2,2
"S1245","Otgaar","depletion","NonEnglish",0.5052,0.7332,1,0.93,0.228,5,6,6,3
"S1246","Otgaar","depletion","NonEnglish",0.5055,0.8098,1,0.95,0.3043,7,4,5,1
"S1247","Otgaar","control","NonEnglish",0.5065,0.7328,1,0.89,0.2263,5,2,4,2
"S1248","Otgaar","depletion","NonEnglish",0.5136,0.7975,1,0.9,0.2838,5,5,3,4
"S1249","Otgaar","depletion","NonEnglish",0.5253,0.7701,1,0.97,0.2448,6,4,5,2
"S1250","Otgaar","control","NonEnglish",0.5262,0.8893,0.98,0.91,0.3631,6,3,5,2
"S1251","Otgaar","depletion","NonEnglish",0.5292,0.7557,1,0.94,0.2264,6,5,6,4
"S1252","Otgaar","depletion","NonEnglish",0.5366,0.8501,1,0.97,0.3134,6,5,2,5
"S1253","Otgaar","control","NonEnglish",0.5444,0.8605,1,0.98,0.3162,1,1,5,3
"S1254","Otgaar","depletion","NonEnglish",0.5499,0.8081,1,0.81,0.2582,5,2,1,3
"S1255","Otgaar","depletion","NonEnglish",0.5537,0.9324,0.93,0.7,0.3787,3,2,1,2
"S1256","Otgaar","depletion","NonEnglish",0.5581,0.8787,1,0.85,0.3206,4,5,2,5
"S1257","Otgaar","control","NonEnglish",0.5588,0.8889,1,0.84,0.3301,5,1,4,1
"S1258","Otgaar","depletion","NonEnglish",0.5638,0.885,1,0.93,0.3212,4,5,1,2
"S1259","Otgaar","control","NonEnglish",0.5678,0.8441,1,0.94,0.2764,6,1,6,1
"S1260","Otgaar","depletion","NonEnglish",0.5713,0.8698,1,0.93,0.2985,5,5,3,4
"S1261","Otgaar","control","NonEnglish",0.5744,0.7739,1,0.99,0.1995,2,1,3,2
"S1262","Otgaar","control","NonEnglish",0.5771,1.0477,1,0.97,0.4706,5,1,5,2
"S1263","Otgaar","depletion","NonEnglish",0.5835,0.9167,1,0.96,0.3331,6,4,3,2
"S1264","Otgaar","control","NonEnglish",0.5862,0.9797,1,0.9,0.3935,5,4,5,3
"S1265","Otgaar","control","NonEnglish",0.5867,1.0192,1,0.96,0.4325,5,2,5,2
"S1266","Otgaar","control","NonEnglish",0.6006,0.9468,1,0.89,0.3462,2,1,5,2
"S1267","Otgaar","control","NonEnglish",0.6034,0.7929,1,0.94,0.1895,4,2,1,1
"S1268","Otgaar","control","NonEnglish",0.6063,0.8346,0.99,0.97,0.2283,7,1,3,1
"S1269","Otgaar","depletion","NonEnglish",0.6148,0.8757,1,0.93,0.2609,5,3,1,1
"S1270","Otgaar","depletion","NonEnglish",0.6188,0.8829,1,0.87,0.264,5,5,3,6
"S1271","Otgaar","control","NonEnglish",0.6189,0.9647,1,0.89,0.3458,2,1,4,1
"S1272","Otgaar","control","NonEnglish",0.6215,0.9376,0.99,0.93,0.3161,5,4,1,1
"S1273","Otgaar","control","NonEnglish",0.6266,1.0021,0.98,0.87,0.3755,4,4,5,3
"S1274","Otgaar","control","NonEnglish",0.6285,0.9211,1,0.94,0.2926,5,2,6,1
"S1275","Otgaar","control","NonEnglish",0.6306,0.9066,1,0.96,0.276,3,2,5,2
"S1276","Otgaar","control","NonEnglish",0.6355,1.0038,1,0.94,0.3683,6,1,6,5
"S1277","Otgaar","depletion","NonEnglish",0.6444,0.7627,1,0.95,0.1183,3,2,2,2
"S1278","Otgaar","control","NonEnglish",0.6446,0.8547,1,0.97,0.21,6,2,5,6
"S1279","Otgaar","control","NonEnglish",0.6483,0.8867,1,0.98,0.2384,6,2,4,1
"S1280","Otgaar","control","NonEnglish",0.6501,1.0217,1,0.99,0.3716,7,2,4,1
"S1281","Otgaar","control","NonEnglish",0.6504,1.028,0.99,0.94,0.3776,7,3,6,4
"S1282","Otgaar","control","NonEnglish",0.6546,0.9215,1,0.99,0.2669,1,1,3,1
"S1283","Otgaar","control","NonEnglish",0.6697,1.0005,0.99,0.91,0.3308,1,1,1,1
"S1284","Otgaar","control","NonEnglish",0.6744,0.9567,0.95,0.66,0.2823,1,1,1,1
"S1285","Otgaar","control","NonEnglish",0.6762,1.1276,0.99,0.82,0.4514,5,1,3,3
"S1286","Otgaar","control","NonEnglish",0.6948,1.1877,0.99,0.99,0.493,2,1,4,2
"S1287","Otgaar","control","NonEnglish",0.7188,1.1387,0.97,0.82,0.4199,6,3,6,1
"S1288","Otgaar","depletion","NonEnglish",0.7224,0.9807,1,0.97,0.2583,2,4,2,2
"S1289","Otgaar","control","NonEnglish",0.725,0.9531,1,0.93,0.2281,3,2,5,1
"S1290","Otgaar","control","NonEnglish",0.7469,1.2043,1,0.92,0.4574,6,2,3,1
"S1291","Otgaar","control","NonEnglish",0.7624,1.0037,0.99,0.99,0.2413,1,1,1,1
"S1292","Otgaar","control","NonEnglish",0.7699,1.2194,0.99,1,0.4495,1,1,1,2
"S1293","Otgaar","control","NonEnglish",0.791,1.0526,1,0.91,0.2616,4,2,6,1
"S1294","Otgaar","control","NonEnglish",0.8298,1.046,1,0.99,0.2162,2,1,3,5
"S1295","Otgaar","depletion","NonEnglish",0.8302,1.0157,1,0.99,0.1855,6,5,3,4
"S1296","Otgaar","control","NonEnglish",0.84,1.1869,1,0.96,0.3469,5,2,5,2
"S1297","Otgaar","depletion","NonEnglish",0.8495,1.0605,0.99,0.98,0.211,5,3,4,4
"S1298","Otgaar","depletion","NonEnglish",0.9933,1.2249,1,0.98,0.2316,4,6,2,4
"S1299","Philipp_Cannon","depletion","English",0.4204,0.6907,0.99,0.87,0.2703,6,5,7,2
"S1300","Philipp_Cannon","control","English",0.4544,0.7041,1,0.79,0.2498,7,3,1,1
"S1301","Philipp_Cannon","depletion","English",0.458,0.7224,1,0.86,0.2644,5,4,2,6
"S1302","Philipp_Cannon","depletion","English",0.4731,0.7289,1,0.99,0.2558,5,3,3,2
"S1303","Philipp_Cannon","depletion","English",0.4767,0.6857,1,0.91,0.209,5,3,5,4
"S1304","Philipp_Cannon","control","English",0.4804,0.8649,1,0.93,0.3845,6,5,5,6
"S1305","Philipp_Cannon","control","English",0.4868,0.8704,1,0.88,0.3835,6,3,4,2
"S1306","Philipp_Cannon","depletion","English",0.4901,0.8208,1,0.97,0.3307,6,4,1,4
"S1307","Philipp_Cannon","control","English",0.4922,0.9235,0.99,0.86,0.4313,3,1,5,4
"S1308","Philipp_Cannon","depletion","English",0.4947,0.7107,0.98,0.87,0.2159,5,5,6,6
"S1309","Philipp_Cannon","control","English",0.5003,0.743,1,0.96,0.2427,4,2,4,1
"S1310","Philipp_Cannon","control","English",0.5049,0.9339,1,0.98,0.429,3,2,5,4
"S1311","Philipp_Cannon","control","English",0.5129,0.709,1,0.97,0.1961,2,1,3,1
"S1312","Philipp_Cannon","depletion","English",0.5144,0.8683,0.98,0.86,0.3538,6,3,5,3
"S1313","Philipp_Cannon","depletion","English",0.5147,0.6741,0.99,0.84,0.1594,6,4,2,3
"S1314","Philipp_Cannon","depletion","English",0.5314,0.8052,1,0.91,0.2738,5,5,2,4
"S1315","Philipp_Cannon","control","English",0.536,1.0107,1,0.96,0.4747,7,1,2,1
"S1316","Philipp_Cannon","depletion","English",0.5478,0.8743,1,0.97,0.3266,6,4,2,4
"S1317","Philipp_Cannon","depletion","English",0.5517,0.8511,1,0.97,0.2994,7,7,5,5
"S1318","Philipp_Cannon","control","English",0.5675,0.8685,1,0.93,0.301,4,2,6,2
"S1319","Philipp_Cannon","depletion","English",0.5704,0.7376,1,0.92,0.1671,6,5,3,5
"S1320","Philipp_Cannon","depletion","English",0.5732,0.886,1,0.95,0.3128,4,4,5,2
"S1321","Philipp_Cannon","control","English",0.5772,0.8669,1,0.96,0.2897,5,3,3,1
"S1322","Philipp_Cannon","control","English",0.5779,0.9477,1,0.83,0.3698,6,5,5,3
"S1323","Philipp_Cannon","control","English",0.5781,0.9973,1,0.95,0.4193,4,2,3,1
"S1324","Philipp_Cannon","depletion","English",0.5789,0.8657,1,0.93,0.2868,7,5,4,5
"S1325","Philipp_Cannon","control","English",0.58,0.8606,1,0.98,0.2806,2,1,2,1
"S1326","Philipp_Cannon","depletion","English",0.5811,0.7945,1,0.99,0.2134,5,3,5,4
"S1327","Philipp_Cannon","depletion","English",0.5876,0.9688,1,0.81,0.3811,5,5,4,3
"S1328","Philipp_Cannon","control","English",0.5898,0.8433,1,0.96,0.2534,2,1,1,3
"S1329","Philipp_Cannon","control","English",0.5944,0.935,1,0.97,0.3406,4,2,1,1
"S1330","Philipp_Cannon","control","English",0.5996,0.9953,1,0.88,0.3957,7,1,5,4
"S1331","Philipp_Cannon","control","English",0.6042,1.096,1,0.93,0.4918,4,2,6,6
"S1332","Philipp_Cannon","control","English",0.6081,0.9701,1,0.97,0.362,6,2,3,1
"S1333","Philipp_Cannon","control","English",0.6102,0.7883,1,0.92,0.1781,4,1,1,1
"S1334","Philipp_Cannon","depletion","English",0.6134,1.1129,1,0.93,0.4995,2,4,5,1
"S1335","Philipp_Cannon","control","English",0.6271,1.0828,0.99,0.95,0.4558,2,1,3,1
"S1336","Philipp_Cannon","control","English",0.6301,1.1061,0.97,0.83,0.4761,2,2,3,3
"S1337","Philipp_Cannon","control","English",0.6392,0.9616,1,0.98,0.3224,6,3,4,2
"S1338","Philipp_Cannon","depletion","English",0.6401,1.2652,1,0.96,0.625,6,6,3,4
"S1339","Philipp_Cannon","depletion","English",0.6421,0.8686,1,0.93,0.2265,5,5,6,3
"S1340","Philipp_Cannon","control","English",0.6438,0.8718,1,0.98,0.228,3,2,4,2
"S1341","Philipp_Cannon","depletion","English",0.6486,0.9383,1,0.88,0.2897,5,3,4,6
"S1342","Philipp_Cannon","depletion","English",0.6518,1.0491,1,0.99,0.3973,7,5,7,5
"S1343","Philipp_Cannon","depletion","English",0.6529,1.0481,1,0.97,0.3952,7,5,5,5
"S1344","Philipp_Cannon","depletion","English",0.6586,0.9892,1,0.79,0.3305,5,5,4,3
"S1345","Philipp_Cannon","control","English",0.6624,1.0459,1,0.98,0.3835,5,2,6,2
"S1346","Philipp_Cannon","depletion","English",0.6642,1.0302,1,0.96,0.366,6,4,1,4
"S1347","Philipp_Cannon","control","English",0.677,0.8534,1,0.92,0.1764,6,2,3,1
"S1348","Philipp_Cannon","depletion","English",0.6821,1.0107,1,0.95,0.3286,5,5,6,4
"S1349","Philipp_Cannon","depletion","English",0.6832,1.176,0.98,0.94,0.4928,4,5,2,3
"S1350","Philipp_Cannon","depletion","English",0.6849,0.992,1,0.99,0.3071,6,3,3,2
"S1351","Philipp_Cannon","control","English",0.7152,1.0499,1,0.98,0.3347,6,4,2,2
"S1352","Philipp_Cannon","depletion","English",0.7239,1.1274,1,0.92,0.4035,7,6,2,2
"S1353","Philipp_Cannon","depletion","English",0.726,0.9993,1,1,0.2733,6,3,2,5
"S1354","Philipp_Cannon","control","English",0.7278,0.9739,1,0.92,0.2461,2,2,3,1
"S1355","Philipp_Cannon","depletion","English",0.7379,1.0023,1,1,0.2644,7,2,4,2
"S1356","Philipp_Cannon","depletion","English",0.7406,0.9751,1,1,0.2345,5,4,3,1
"S1357","Philipp_Cannon","control","English",0.7618,1.1945,0.98,0.88,0.4327,6,3,2,5
"S1358","Philipp_Cannon","depletion","English",0.769,1.0537,1,0.97,0.2847,7,2,1,1
"S1359","Philipp_Cannon","control","English",0.7728,1.05,1,1,0.2773,5,4,6,2
"S1360","Philipp_Cannon","depletion","English",0.7846,1.1281,1,0.97,0.3435,5,2,1,1
"S1361","Philipp_Cannon","control","English",0.7887,1.0253,1,0.98,0.2366,2,2,2,1
"S1362","Philipp_Cannon","control","English",0.7892,1.0382,1,0.98,0.2489,4,2,1,1
"S1363","Philipp_Cannon","depletion","English",0.798,1.2506,1,0.99,0.4526,6,3,6,6
"S1364","Philipp_Cannon","control","English",0.7989,1.0731,1,0.99,0.2742,7,3,5,7
"S1365","Philipp_Cannon","depletion","English",0.8142,1.1006,0.99,0.94,0.2864,6,2,3,1
"S1366","Philipp_Cannon","depletion","English",0.8188,1.1254,1,0.97,0.3065,6,3,4,4
"S1367","Philipp_Cannon","control","English",0.8243,1.0818,1,0.97,0.2575,4,1,3,1
"S1368","Philipp_Cannon","control","English",0.8446,1.1767,1,0.92,0.3321,3,2,1,1
"S1369","Philipp_Cannon","depletion","English",0.8485,1.0642,1,0.85,0.2157,4,4,2,2
"S1370","Philipp_Cannon","depletion","English",0.8915,1.1317,1,0.98,0.2402,4,1,2,1
"S1371","Philipp_Cannon","control","English",0.9068,1.2122,1,0.99,0.3054,3,2,1,1
"S1372","Philipp_Cannon","control","English",0.9407,1.1224,0.99,0.98,0.1817,6,4,6,4
"S1373","Philipp_Cannon","control","English",0.9911,1.1664,0.99,1,0.1753,1,1,1,1
"S1374","Rentzsch","depletion","NonEnglish",0.415,0.6586,1,0.74,0.2436,6,2,5,1
"S1375","Rentzsch","depletion","NonEnglish",0.4275,0.8499,1,0.75,0.4224,5,5,5,3
"S1376","Rentzsch","control","NonEnglish",0.4278,0.7364,1,0.83,0.3086,1,2,2,1
"S1377","Rentzsch","control","NonEnglish",0.4298,0.8204,1,0.84,0.3906,4,3,5,1
"S1378","Rentzsch","control","NonEnglish",0.4359,0.8563,1,0.87,0.4203,5,3,3,3
"S1379","Rentzsch","control","NonEnglish",0.4373,0.6469,1,0.87,0.2097,2,1,2,1
"S1380","Rentzsch","control","NonEnglish",0.4429,0.7839,1,0.91,0.341,2,1,1,2
"S1381","Rentzsch","control","NonEnglish",0.4523,0.7146,1,0.97,0.2622,1,1,1,2
"S1382","Rentzsch","depletion","NonEnglish",0.4524,0.819,1,0.91,0.3665,6,5,4,1
"S1383","Rentzsch","control","NonEnglish",0.462,0.791,0.99,0.73,0.3289,2,1,2,2
"S1384","Rentzsch","depletion","NonEnglish",0.4662,0.7221,1,0.95,0.256,5,5,3,7
"S1385","Rentzsch","control","NonEnglish",0.4668,0.7501,1,0.91,0.2833,2,1,3,1
"S1386","Rentzsch","depletion","NonEnglish",0.4708,0.7652,1,0.79,0.2944,6,5,2,4
"S1387","Rentzsch","control","NonEnglish",0.4718,0.7821,1,0.76,0.3104,1,1,4,1
"S1388","Rentzsch","depletion","NonEnglish",0.4726,0.8512,1,0.91,0.3786,5,4,4,3
"S1389","Rentzsch","depletion","NonEnglish",0.4765,0.7209,1,0.97,0.2445,4,5,5,5
"S1390","Rentzsch","control","NonEnglish",0.4776,0.8186,0.98,0.82,0.341,2,2,2,1
"S1391","Rentzsch","control","NonEnglish",0.4806,0.7759,1,0.95,0.2953,2,2,2,1
"S1392","Rentzsch","depletion","NonEnglish",0.4835,0.8593,0.99,0.84,0.3758,5,4,6,6
"S1393","Rentzsch","control","NonEnglish",0.4856,0.8882,1,0.86,0.4025,2,3,2,1
"S1394","Rentzsch","control","NonEnglish",0.4894,0.7228,1,0.98,0.2334,2,2,2,1
"S1395","Rentzsch","depletion","NonEnglish",0.4945,0.724,0.98,0.88,0.2295,5,5,4,3
"S1396","Rentzsch","control","NonEnglish",0.496,0.7843,1,0.97,0.2883,2,2,4,4
"S1397","Rentzsch","depletion","NonEnglish",0.4974,0.7793,1,0.97,0.2819,5,3,4,5
"S1398","Rentzsch","depletion","NonEnglish",0.4997,0.7855,1,0.83,0.2858,2,3,2,2
"S1399","Rentzsch","control","NonEnglish",0.5009,0.9482,1,0.84,0.4474,1,1,1,1
"S1400","Rentzsch","depletion","NonEnglish",0.5035,0.8114,1,0.93,0.3079,2,3,4,3
"S1401","Rentzsch","control","NonEnglish",0.5043,0.8391,1,0.93,0.3348,2,2,3,2
"S1402","Rentzsch","depletion","NonEnglish",0.5193,0.7995,1,0.86,0.2803,4,4,2,3
"S1403","Rentzsch","depletion","NonEnglish",0.5212,0.827,0.99,0.96,0.3058,4,2,2,2
"S1404","Rentzsch","depletion","NonEnglish",0.5258,0.8548,1,0.73,0.329,4,4,5,6
"S1405","Rentzsch","depletion","NonEnglish",0.5294,0.7725,1,0.93,0.2431,3,4,4,4
"S1406","Rentzsch","control","NonEnglish",0.5299,0.9065,1,0.9,0.3766,3,2,4,2
"S1407","Rentzsch","depletion","NonEnglish",0.5307,0.8863,1,0.98,0.3556,5,5,5,2
"S1408","Rentzsch","control","NonEnglish",0.536,0.8879,1,0.95,0.352,2,1,4,1
"S1409","Rentzsch","depletion","NonEnglish",0.5361,0.8768,1,0.91,0.3407,5,5,4,4
"S1410","Rentzsch","control","NonEnglish",0.5404,0.81,1,0.97,0.2696,2,1,4,1
"S1411","Rentzsch","control","NonEnglish",0.5411,0.8595,1,0.92,0.3184,3,2,6,2
"S1412","Rentzsch","depletion","NonEnglish",0.5419,0.9034,1,0.91,0.3615,5,3,2,5
"S1413","Rentzsch","depletion","NonEnglish",0.5429,0.9285,1,0.89,0.3856,5,5,6,5
"S1414","Rentzsch","control","NonEnglish",0.544,0.7158,1,0.98,0.1719,2,1,2,2
"S1415","Rentzsch","depletion","NonEnglish",0.5443,0.998,0.99,0.94,0.4537,5,4,3,1
"S1416","Rentzsch","depletion","NonEnglish",0.5445,0.7696,1,0.94,0.2251,5,4,1,4
"S1417","Rentzsch","depletion","NonEnglish",0.5454,0.883,1,0.98,0.3377,6,5,4,5
"S1418","Rentzsch","control","NonEnglish",0.5466,0.9521,1,0.86,0.4055,2,2,2,1
"S1419","Rentzsch","control","NonEnglish",0.5479,0.8193,1,0.96,0.2714,1,1,1,1
"S1420","Rentzsch","depletion","NonEnglish",0.5492,0.8425,1,0.99,0.2933,3,4,5,2
"S1421","Rentzsch","control","NonEnglish",0.5518,0.7846,1,0.97,0.2327,5,2,5,3
"S1422","Rentzsch","control","NonEnglish",0.5529,0.9387,1,0.9,0.3858,2,2,1,3
"S1423","Rentzsch","control","NonEnglish",0.5536,0.8775,1,0.94,0.3238,2,1,1,2
"S1424","Rentzsch","depletion","NonEnglish",0.5539,1.0124,1,0.87,0.4586,4,5,3,4
"S1425","Rentzsch","control","NonEnglish",0.5585,0.8091,1,0.97,0.2506,1,1,4,1
"S1426","Rentzsch","control","NonEnglish",0.5586,0.8679,1,0.91,0.3093,3,1,3,2
"S1427","Rentzsch","depletion","NonEnglish",0.5602,0.7416,1,0.98,0.1814,3,4,5,2
"S1428","Rentzsch","control","NonEnglish",0.5616,0.8701,1,0.96,0.3085,4,1,6,2
"S1429","Rentzsch","depletion","NonEnglish",0.5629,0.8593,1,0.95,0.2964,5,5,2,4
"S1430","Rentzsch","control","NonEnglish",0.564,0.8361,0.99,0.76,0.2721,2,2,3,4
"S1431","Rentzsch","depletion","NonEnglish",0.5642,0.8816,1,0.9,0.3173,5,5,4,3
"S1432","Rentzsch","control","NonEnglish",0.5658,0.9064,1,0.98,0.3407,3,1,2,1
"S1433","Rentzsch","control","NonEnglish",0.5695,0.9451,0.99,0.94,0.3756,2,2,6,1
"S1434","Rentzsch","depletion","NonEnglish",0.572,0.9124,1,0.95,0.3404,5,3,1,1
"S1435","Rentzsch","control","NonEnglish",0.5745,0.9364,0.99,0.75,0.3618,3,2,2,4
"S1436","Rentzsch","control","NonEnglish",0.5787,0.872,1,0.92,0.2933,3,2,5,1
"S1437","Rentzsch","control","NonEnglish",0.5791,0.8661,0.99,0.9,0.287,2,1,1,2
"S1438","Rentzsch","depletion","NonEnglish",0.5794,0.9888,1,0.87,0.4094,5,5,2,5
"S1439","Rentzsch","depletion","NonEnglish",0.5804,0.9077,1,0.92,0.3273,2,3,2,2
"S1440","Rentzsch","control","NonEnglish",0.5804,0.8371,1,0.96,0.2567,2,2,3,3
"S1441","Rentzsch","depletion","NonEnglish",0.5812,0.8747,1,0.92,0.2936,3,3,3,3
"S1442","Rentzsch","depletion","NonEnglish",0.588,0.8227,1,0.94,0.2348,4,3,4,4
"S1443","Rentzsch","depletion","NonEnglish",0.5892,0.9947,1,0.93,0.4055,6,5,5,4
"S1444","Rentzsch","control","NonEnglish",0.5905,0.779,1,0.99,0.1885,2,1,2,1
"S1445","Rentzsch","depletion","NonEnglish",0.5974,0.8887,1,0.97,0.2913,5,3,6,6
"S1446","Rentzsch","depletion","NonEnglish",0.5974,0.9634,1,0.99,0.3659,6,4,3,2
"S1447","Rentzsch","control","NonEnglish",0.5998,0.9242,0.99,0.92,0.3244,3,2,3,1
"S1448","Rentzsch","control","NonEnglish",0.6004,0.8779,1,0.93,0.2774,2,1,2,2
"S1449","Rentzsch","depletion","NonEnglish",0.6095,0.9644,1,1,0.3549,4,5,4,2
"S1450","Rentzsch","depletion","NonEnglish",0.6113,0.8667,1,0.88,0.2554,5,5,6,4
"S1451","Rentzsch","depletion","NonEnglish",0.6162,0.8181,1,0.99,0.2019,3,2,5,6
"S1452","Rentzsch","control","NonEnglish",0.6208,0.8496,1,0.99,0.2287,4,2,5,3
"S1453","Rentzsch","depletion","NonEnglish",0.6226,0.9139,1,0.9,0.2912,5,6,3,4
"S1454","Rentzsch","control","NonEnglish",0.6274,0.9412,0.99,0.97,0.3138,2,2,2,1
"S1455","Rentzsch","depletion","NonEnglish",0.6314,0.9906,1,0.93,0.3592,3,5,1,5
"S1456","Rentzsch","depletion","NonEnglish",0.6344,0.8564,0.99,0.92,0.2221,4,3,3,2
"S1457","Rentzsch","depletion","NonEnglish",0.6367,0.9087,1,0.98,0.272,5,5,3,2
"S1458","Rentzsch","control","NonEnglish",0.6396,1.0579,1,0.94,0.4183,2,2,4,1
"S1459","Rentzsch","depletion","NonEnglish",0.6421,0.9441,1,0.95,0.3019,4,3,5,2
"S1460","Rentzsch","control","NonEnglish",0.649,0.961,0.99,0.85,0.312,3,1,4,1
"S1461","Rentzsch","depletion","NonEnglish",0.6668,0.8963,1,0.95,0.2295,3,2,3,5
"S1462","Rentzsch","control","NonEnglish",0.6805,0.9583,1,0.99,0.2777,3,2,3,2
"S1463","Rentzsch","control","NonEnglish",0.6842,1.0884,1,0.97,0.4042,2,2,2,1
"S1464","Rentzsch","control","NonEnglish",0.7052,1.0267,1,0.99,0.3215,2,1,5,1
"S1465","Rentzsch","control","NonEnglish",0.7181,1.1636,1,0.91,0.4455,4,2,6,2
"S1466","Rentzsch","control","NonEnglish",0.72,1.091,1,0.83,0.3711,2,1,5,1
"S1467","Rentzsch","control","NonEnglish",0.7241,1.0944,1,0.93,0.3702,2,2,2,1
"S1468","Rentzsch","control","NonEnglish",0.7294,1.0686,1,0.95,0.3392,1,1,2,1
"S1469","Rentzsch","control","NonEnglish",0.7311,0.9619,1,0.99,0.2308,4,2,3,1
"S1470","Rentzsch","depletion","NonEnglish",0.7452,1.012,1,0.99,0.2668,3,3,5,4
"S1471","Rentzsch","depletion","NonEnglish",0.7827,0.903,1,0.97,0.1203,4,3,4,2
"S1472","Rentzsch","control","NonEnglish",0.7846,1.0697,0.98,0.97,0.2851,2,1,2,1
"S1473","Rentzsch","depletion","NonEnglish",0.8204,0.9899,0.99,0.99,0.1694,4,2,NA,1
"S1474","Rentzsch","depletion","NonEnglish",0.8373,0.9619,1,0.97,0.1246,4,5,5,5
"S1475","Rentzsch","depletion","NonEnglish",0.8923,1.1912,1,1,0.2988,5,5,4,4
"S1476","Rentzsch","depletion","NonEnglish",0.9136,1.005,1,0.99,0.0914,6,5,4,2
"S1477","Ringos","control","English",0.3944,0.7427,1,0.75,0.3483,2,1,3,5
"S1478","Ringos","depletion","English",0.3998,0.7122,0.97,0.79,0.3124,6,3,2,4
"S1479","Ringos","control","English",0.4609,0.7689,0.97,0.78,0.308,3,2,5,2
"S1480","Ringos","control","English",0.4621,0.7369,0.98,0.8,0.2748,2,2,5,1
"S1481","Ringos","control","English",0.4646,0.8278,1,0.94,0.3632,5,1,1,1
"S1482","Ringos","control","English",0.4654,0.8718,1,0.84,0.4064,6,3,4,2
"S1483","Ringos","control","English",0.4775,0.7697,1,0.95,0.2922,4,2,2,1
"S1484","Ringos","depletion","English",0.4799,0.8768,0.99,0.77,0.3969,7,5,4,6
"S1485","Ringos","depletion","English",0.485,0.7292,0.99,0.83,0.2441,7,5,5,5
"S1486","Ringos","control","English",0.4964,0.8028,1,0.8,0.3064,5,4,5,3
"S1487","Ringos","control","English",0.5016,0.8264,0.99,0.79,0.3248,2,1,2,3
"S1488","Ringos","depletion","English",0.5056,0.836,1,0.81,0.3304,5,3,1,1
"S1489","Ringos","depletion","English",0.5059,0.8292,1,0.93,0.3233,7,4,5,3
"S1490","Ringos","control","English",0.5243,0.8855,0.99,0.84,0.3612,4,2,3,1
"S1491","Ringos","depletion","English",0.5303,0.8158,1,0.95,0.2855,3,4,2,5
"S1492","Ringos","control","English",0.5347,0.7458,1,1,0.211,4,2,4,2
"S1493","Ringos","depletion","English",0.5481,0.8468,1,0.92,0.2987,5,4,5,2
"S1494","Ringos","depletion","English",0.5553,0.9888,1,0.95,0.4336,6,6,7,6
"S1495","Ringos","control","English",0.5557,0.8638,1,0.87,0.3081,4,2,2,1
"S1496","Ringos","control","English",0.5575,0.8872,1,0.94,0.3296,2,1,3,1
"S1497","Ringos","control","English",0.5598,0.7949,1,0.96,0.2351,6,2,3,1
"S1498","Ringos","depletion","English",0.5601,1.1078,1,0.88,0.5478,6,5,2,5
"S1499","Ringos","control","English",0.5609,0.841,1,0.98,0.28,3,2,2,1
"S1500","Ringos","control","English",0.5624,0.9225,1,0.97,0.3601,6,2,4,1
"S1501","Ringos","control","English",0.5693,0.9665,1,0.94,0.3972,3,1,4,2
"S1502","Ringos","depletion","English",0.5701,0.9427,1,0.88,0.3726,7,6,3,4
"S1503","Ringos","depletion","English",0.5703,0.9147,1,0.96,0.3444,6,6,5,4
"S1504","Ringos","control","English",0.5712,0.8966,1,0.94,0.3254,6,2,4,2
"S1505","Ringos","depletion","English",0.5727,0.8013,1,0.99,0.2285,6,6,6,7
"S1506","Ringos","control","English",0.5805,1.1429,1,0.95,0.5624,6,1,5,1
"S1507","Ringos","depletion","English",0.5843,0.8946,0.99,0.98,0.3103,6,6,7,3
"S1508","Ringos","depletion","English",0.5891,0.9169,0.91,0.77,0.3278,5,6,4,3
"S1509","Ringos","control","English",0.5959,0.9987,1,0.95,0.4028,5,3,5,1
"S1510","Ringos","control","English",0.5986,0.9323,0.99,0.89,0.3336,6,2,3,5
"S1511","Ringos","control","English",0.6001,0.8441,0.99,0.97,0.2439,5,2,6,2
"S1512","Ringos","control","English",0.602,0.8479,0.99,0.94,0.2459,2,1,4,2
"S1513","Ringos","depletion","English",0.6035,0.8021,0.97,0.73,0.1986,4,5,5,2
"S1514","Ringos","control","English",0.6105,0.9726,1,0.96,0.3621,5,2,4,2
"S1515","Ringos","depletion","English",0.6154,0.9015,1,0.97,0.2861,2,2,6,3
"S1516","Ringos","control","English",0.6168,0.9623,0.99,0.8,0.3455,6,2,4,3
"S1517","Ringos","control","English",0.6201,0.9782,0.99,0.91,0.3581,3,2,3,1
"S1518","Ringos","control","English",0.6241,0.8552,1,0.97,0.231,6,2,5,1
"S1519","Ringos","control","English",0.6291,1.0015,1,0.99,0.3724,2,2,3,1
"S1520","Ringos","control","English",0.6304,1.0443,1,0.99,0.4139,2,3,5,5
"S1521","Ringos","depletion","English",0.6371,1.0134,1,0.94,0.3762,6,4,7,5
"S1522","Ringos","depletion","English",0.6574,1.1559,0.99,0.94,0.4985,6,5,4,6
"S1523","Ringos","depletion","English",0.6575,0.9562,1,0.96,0.2987,6,7,4,6
"S1524","Ringos","control","English",0.6584,0.8793,0.99,0.94,0.2209,3,2,4,2
"S1525","Ringos","control","English",0.6605,1.0013,0.99,0.92,0.3408,3,2,4,2
"S1526","Ringos","control","English",0.7065,0.9788,0.99,0.95,0.2723,2,2,3,2
"S1527","Ringos","control","English",0.7128,1.0542,1,0.9,0.3414,5,1,7,2
"S1528","Ringos","control","English",0.7196,1.2094,1,0.98,0.4898,5,2,5,4
"S1529","Ringos","depletion","English",0.7525,1.188,0.98,0.88,0.4355,6,7,7,7
"S1530","Ringos","depletion","English",0.7616,1.1529,0.99,0.88,0.3913,3,3,2,2
"S1531","Ringos","depletion","English",0.7639,1.1749,1,0.9,0.411,6,4,2,2
"S1532","Ringos","depletion","English",0.7667,1.1264,1,0.97,0.3597,5,6,5,5
"S1533","Ringos","depletion","English",0.7677,0.9822,1,0.98,0.2145,6,4,3,1
"S1534","Ringos","depletion","English",0.7734,1.0695,0.99,0.92,0.2961,6,3,4,6
"S1535","Ringos","depletion","English",0.7944,1.0235,1,0.95,0.2291,7,4,2,3
"S1536","Ringos","depletion","English",0.7955,1.1292,1,0.97,0.3338,4,4,5,3
"S1537","Ringos","depletion","English",0.8121,1.1799,1,0.94,0.3679,6,3,3,2
"S1538","Ringos","depletion","English",0.8294,1.1907,1,0.94,0.3613,6,7,5,4
"S1539","Ringos","depletion","English",0.8522,1.0781,1,0.98,0.2259,5,5,4,4
"S1540","Ringos","control","English",0.8742,1.3117,0.97,0.97,0.4375,2,1,5,1
"S1541","Ringos","control","English",0.8788,0.9933,1,0.99,0.1145,2,2,5,6
"S1542","Ringos","depletion","English",0.8936,1.2263,1,0.98,0.3327,4,5,4,6
"S1543","Ringos","depletion","English",0.9282,1.2364,1,0.97,0.3082,6,4,5,3
"S1544","Ringos","control","English",0.9533,1.315,1,0.98,0.3617,1,1,2,1
"S1545","Schlinkert","depletion","NonEnglish",0.4517,0.8199,1,0.94,0.3682,NA,NA,NA,NA
"S1546","Schlinkert","control","NonEnglish",0.4636,0.8177,1,0.95,0.3541,NA,NA,NA,NA
"S1547","Schlinkert","control","NonEnglish",0.4664,0.7309,1,0.92,0.2646,NA,NA,NA,NA
"S1548","Schlinkert","depletion","NonEnglish",0.4702,0.6683,1,0.96,0.1981,NA,NA,NA,NA
"S1549","Schlinkert","control","NonEnglish",0.479,0.8174,1,0.78,0.3385,NA,NA,NA,NA
"S1550","Schlinkert","control","NonEnglish",0.4844,0.7809,0.98,0.82,0.2965,NA,NA,NA,NA
"S1551","Schlinkert","depletion","NonEnglish",0.4967,0.9114,1,0.89,0.4147,NA,NA,NA,NA
"S1552","Schlinkert","control","NonEnglish",0.4988,0.8104,1,0.95,0.3116,NA,NA,NA,NA
"S1553","Schlinkert","depletion","NonEnglish",0.4989,0.7111,1,0.88,0.2122,NA,NA,NA,NA
"S1554","Schlinkert","depletion","NonEnglish",0.5004,0.7714,1,0.97,0.271,NA,NA,NA,NA
"S1555","Schlinkert","depletion","NonEnglish",0.5008,0.7641,1,0.74,0.2633,NA,NA,NA,NA
"S1556","Schlinkert","depletion","NonEnglish",0.5024,0.8763,1,0.95,0.3739,NA,NA,NA,NA
"S1557","Schlinkert","depletion","NonEnglish",0.504,0.763,1,0.9,0.2591,NA,NA,NA,NA
"S1558","Schlinkert","control","NonEnglish",0.504,0.8241,1,0.94,0.3201,NA,NA,NA,NA
"S1559","Schlinkert","control","NonEnglish",0.5049,0.6797,1,0.86,0.1749,NA,NA,NA,NA
"S1560","Schlinkert","control","NonEnglish",0.5084,0.76,1,0.95,0.2515,NA,NA,NA,NA
"S1561","Schlinkert","control","NonEnglish",0.5086,0.768,1,0.9,0.2595,NA,NA,NA,NA
"S1562","Schlinkert","control","NonEnglish",0.5087,0.852,1,0.86,0.3433,NA,NA,NA,NA
"S1563","Schlinkert","depletion","NonEnglish",0.5199,0.8065,1,0.74,0.2866,NA,NA,NA,NA
"S1564","Schlinkert","control","NonEnglish",0.5232,0.8635,1,0.95,0.3403,NA,NA,NA,NA
"S1565","Schlinkert","depletion","NonEnglish",0.5252,0.9473,1,0.9,0.4222,NA,NA,NA,NA
"S1566","Schlinkert","control","NonEnglish",0.5274,0.9844,1,0.85,0.4571,NA,NA,NA,NA
"S1567","Schlinkert","control","NonEnglish",0.5361,0.9311,1,0.9,0.3949,NA,NA,NA,NA
"S1568","Schlinkert","control","NonEnglish",0.5365,0.9028,0.99,0.94,0.3663,NA,NA,NA,NA
"S1569","Schlinkert","depletion","NonEnglish",0.5385,0.8093,1,0.81,0.2708,NA,NA,NA,NA
"S1570","Schlinkert","depletion","NonEnglish",0.5429,0.8402,1,0.95,0.2973,NA,NA,NA,NA
"S1571","Schlinkert","depletion","NonEnglish",0.5489,0.8059,0.97,0.93,0.257,NA,NA,NA,NA
"S1572","Schlinkert","depletion","NonEnglish",0.5507,0.8451,1,0.98,0.2945,NA,NA,NA,NA
"S1573","Schlinkert","control","NonEnglish",0.5532,0.9994,0.99,0.94,0.4462,NA,NA,NA,NA
"S1574","Schlinkert","control","NonEnglish",0.5547,0.8195,1,0.8,0.2649,NA,NA,NA,NA
"S1575","Schlinkert","control","NonEnglish",0.5567,0.8596,1,0.95,0.3029,NA,NA,NA,NA
"S1576","Schlinkert","control","NonEnglish",0.561,0.8867,1,0.84,0.3257,NA,NA,NA,NA
"S1577","Schlinkert","control","NonEnglish",0.5623,0.8002,0.99,0.92,0.2379,NA,NA,NA,NA
"S1578","Schlinkert","control","NonEnglish",0.563,0.7415,1,0.79,0.1785,NA,NA,NA,NA
"S1579","Schlinkert","depletion","NonEnglish",0.5656,0.8845,1,0.97,0.3189,NA,NA,NA,NA
"S1580","Schlinkert","control","NonEnglish",0.5693,0.8639,1,0.98,0.2946,NA,NA,NA,NA
"S1581","Schlinkert","depletion","NonEnglish",0.5733,0.9286,1,0.99,0.3553,NA,NA,NA,NA
"S1582","Schlinkert","control","NonEnglish",0.5854,0.9182,1,0.89,0.3328,NA,NA,NA,NA
"S1583","Schlinkert","depletion","NonEnglish",0.586,0.9065,0.99,0.79,0.3205,NA,NA,NA,NA
"S1584","Schlinkert","control","NonEnglish",0.5903,0.7887,1,0.82,0.1984,NA,NA,NA,NA
"S1585","Schlinkert","control","NonEnglish",0.5979,0.9525,1,0.89,0.3546,NA,NA,NA,NA
"S1586","Schlinkert","control","NonEnglish",0.6112,1.0886,1,0.88,0.4775,NA,NA,NA,NA
"S1587","Schlinkert","control","NonEnglish",0.6125,0.968,1,0.92,0.3555,NA,NA,NA,NA
"S1588","Schlinkert","control","NonEnglish",0.6134,1.0106,0.98,0.95,0.3972,NA,NA,NA,NA
"S1589","Schlinkert","control","NonEnglish",0.6135,0.8895,1,0.91,0.2761,NA,NA,NA,NA
"S1590","Schlinkert","control","NonEnglish",0.6175,0.9663,0.99,0.84,0.3488,NA,NA,NA,NA
"S1591","Schlinkert","control","NonEnglish",0.6233,1.0332,1,0.86,0.4098,NA,NA,NA,NA
"S1592","Schlinkert","depletion","NonEnglish",0.6247,0.8288,0.99,0.92,0.2041,NA,NA,NA,NA
"S1593","Schlinkert","depletion","NonEnglish",0.6349,0.9391,0.99,0.97,0.3042,NA,NA,NA,NA
"S1594","Schlinkert","depletion","NonEnglish",0.6357,0.9447,1,0.86,0.309,NA,NA,NA,NA
"S1595","Schlinkert","control","NonEnglish",0.6413,0.8801,1,0.86,0.2388,NA,NA,NA,NA
"S1596","Schlinkert","control","NonEnglish",0.6442,0.9812,1,0.97,0.337,NA,NA,NA,NA
"S1597","Schlinkert","depletion","NonEnglish",0.6455,0.941,1,0.97,0.2955,NA,NA,NA,NA
"S1598","Schlinkert","control","NonEnglish",0.6507,0.9689,0.99,0.84,0.3182,NA,NA,NA,NA
"S1599","Schlinkert","depletion","NonEnglish",0.6514,0.8097,1,0.95,0.1582,NA,NA,NA,NA
"S1600","Schlinkert","control","NonEnglish",0.6599,1.1028,0.99,0.88,0.4429,NA,NA,NA,NA
"S1601","Schlinkert","depletion","NonEnglish",0.6724,0.9267,1,0.93,0.2543,NA,NA,NA,NA
"S1602","Schlinkert","depletion","NonEnglish",0.6738,0.9541,0.97,0.91,0.2803,NA,NA,NA,NA
"S1603","Schlinkert","control","NonEnglish",0.6795,0.9336,0.99,0.96,0.2541,NA,NA,NA,NA
"S1604","Schlinkert","depletion","NonEnglish",0.69,0.9559,1,0.95,0.2659,NA,NA,NA,NA
"S1605","Schlinkert","control","NonEnglish",0.696,1.0025,0.99,0.94,0.3065,NA,NA,NA,NA
"S1606","Schlinkert","depletion","NonEnglish",0.7159,1.1606,1,0.89,0.4447,NA,NA,NA,NA
"S1607","Schlinkert","control","NonEnglish",0.7181,1.1325,1,0.9,0.4144,NA,NA,NA,NA
"S1608","Schlinkert","control","NonEnglish",0.7188,1.2,1,0.91,0.4812,NA,NA,NA,NA
"S1609","Schlinkert","control","NonEnglish",0.733,1.085,1,0.97,0.352,NA,NA,NA,NA
"S1610","Schlinkert","depletion","NonEnglish",0.7354,1.0367,1,0.97,0.3013,NA,NA,NA,NA
"S1611","Schlinkert","depletion","NonEnglish",0.7636,1.0067,1,0.99,0.2431,NA,NA,NA,NA
"S1612","Schlinkert","depletion","NonEnglish",0.7647,1.0748,1,0.93,0.3102,NA,NA,NA,NA
"S1613","Schlinkert","depletion","NonEnglish",0.7874,0.9658,1,0.97,0.1783,NA,NA,NA,NA
"S1614","Schlinkert","control","NonEnglish",0.7912,1.0723,1,0.9,0.2811,NA,NA,NA,NA
"S1615","Schlinkert","depletion","NonEnglish",0.7917,1.0707,0.97,0.89,0.279,NA,NA,NA,NA
"S1616","Schlinkert","depletion","NonEnglish",0.7954,1.1771,1,0.92,0.3817,NA,NA,NA,NA
"S1617","Schlinkert","control","NonEnglish",0.8206,1.101,0.87,0.83,0.2804,NA,NA,NA,NA
"S1618","Schlinkert","control","NonEnglish",0.8288,1.0585,0.99,0.91,0.2297,NA,NA,NA,NA
"S1619","Schlinkert","depletion","NonEnglish",0.8289,1.1564,0.99,0.91,0.3275,NA,NA,NA,NA
"S1620","Schlinkert","depletion","NonEnglish",0.8326,1.0516,1,0.93,0.2189,NA,NA,NA,NA
"S1621","Schlinkert","depletion","NonEnglish",0.8691,1.1454,1,0.92,0.2762,NA,NA,NA,NA
"S1622","Schlinkert","control","NonEnglish",0.8742,1.0328,0.99,0.92,0.1586,NA,NA,NA,NA
"S1623","Schlinkert","depletion","NonEnglish",0.8837,1.2347,1,0.9,0.351,NA,NA,NA,NA
"S1624","Stamos","depletion","NonEnglish",0.4007,0.6289,1,0.88,0.2282,5,6,4,5
"S1625","Stamos","depletion","NonEnglish",0.4326,0.758,1,0.95,0.3255,3,2,3,3
"S1626","Stamos","control","NonEnglish",0.4397,0.7665,1,0.85,0.3268,6,2,2,3
"S1627","Stamos","control","NonEnglish",0.4494,0.7397,1,0.95,0.2904,7,2,4,4
"S1628","Stamos","depletion","NonEnglish",0.4566,0.6668,1,0.86,0.2101,6,4,2,2
"S1629","Stamos","control","NonEnglish",0.4709,0.6172,0.99,0.72,0.1463,1,1,1,1
"S1630","Stamos","depletion","NonEnglish",0.4716,0.8742,1,0.93,0.4026,2,3,3,1
"S1631","Stamos","control","NonEnglish",0.4758,0.7416,0.99,0.88,0.2658,6,6,3,1
"S1632","Stamos","depletion","NonEnglish",0.4854,0.7623,1,0.95,0.2769,5,5,6,2
"S1633","Stamos","control","NonEnglish",0.4874,0.8164,0.99,0.74,0.329,7,1,5,1
"S1634","Stamos","control","NonEnglish",0.4892,0.9122,1,0.95,0.423,5,2,2,1
"S1635","Stamos","depletion","NonEnglish",0.4956,0.827,1,0.96,0.3314,7,3,5,2
"S1636","Stamos","control","NonEnglish",0.4964,0.7476,1,0.8,0.2512,6,2,4,2
"S1637","Stamos","control","NonEnglish",0.4965,0.793,1,0.9,0.2964,2,2,5,1
"S1638","Stamos","depletion","NonEnglish",0.5073,0.82,0.97,0.89,0.3127,6,5,3,5
"S1639","Stamos","control","NonEnglish",0.5076,0.7946,0.99,0.88,0.287,6,4,4,2
"S1640","Stamos","depletion","NonEnglish",0.5115,0.7298,1,0.95,0.2183,3,2,6,2
"S1641","Stamos","control","NonEnglish",0.5124,0.7899,1,0.93,0.2775,3,2,1,1
"S1642","Stamos","control","NonEnglish",0.517,1.0657,1,0.84,0.5487,6,1,5,2
"S1643","Stamos","control","NonEnglish",0.5204,0.9474,1,0.86,0.4271,4,3,4,3
"S1644","Stamos","control","NonEnglish",0.5216,0.9874,1,0.97,0.4658,1,1,2,1
"S1645","Stamos","control","NonEnglish",0.5255,1.0484,0.99,0.88,0.5229,4,1,4,2
"S1646","Stamos","control","NonEnglish",0.5262,0.8185,1,0.95,0.2923,2,2,2,3
"S1647","Stamos","control","NonEnglish",0.5287,0.8977,0.99,0.92,0.369,2,1,3,1
"S1648","Stamos","control","NonEnglish",0.5305,0.7981,1,0.91,0.2676,6,1,1,1
"S1649","Stamos","depletion","NonEnglish",0.5312,0.922,1,0.95,0.3908,6,5,3,1
"S1650","Stamos","depletion","NonEnglish",0.5356,0.9507,1,0.96,0.4151,3,3,4,4
"S1651","Stamos","control","NonEnglish",0.5366,0.9047,1,0.95,0.3681,5,4,3,4
"S1652","Stamos","depletion","NonEnglish",0.5406,0.8376,1,0.96,0.297,5,4,2,3
"S1653","Stamos","control","NonEnglish",0.5451,0.8422,0.98,0.75,0.2971,3,1,5,2
"S1654","Stamos","control","NonEnglish",0.5475,0.8587,1,0.95,0.3112,6,3,4,1
"S1655","Stamos","depletion","NonEnglish",0.5554,0.9522,1,0.96,0.3968,3,3,2,4
"S1656","Stamos","control","NonEnglish",0.5565,0.8422,1,0.96,0.2857,7,2,2,2
"S1657","Stamos","control","NonEnglish",0.5603,1.0723,0.99,0.88,0.512,4,1,3,5
"S1658","Stamos","control","NonEnglish",0.5605,0.9095,0.99,0.89,0.349,3,2,5,3
"S1659","Stamos","depletion","NonEnglish",0.5671,0.7852,0.94,0.95,0.2181,3,3,1,3
"S1660","Stamos","depletion","NonEnglish",0.5682,0.9745,0.99,0.99,0.4063,6,4,2,1
"S1661","Stamos","control","NonEnglish",0.5692,0.9419,1,0.95,0.3727,1,1,4,2
"S1662","Stamos","control","NonEnglish",0.5702,0.9899,1,0.9,0.4198,4,2,6,2
"S1663","Stamos","control","NonEnglish",0.5714,0.8993,1,0.93,0.3279,4,2,3,1
"S1664","Stamos","depletion","NonEnglish",0.5719,0.7945,1,0.99,0.2226,5,3,4,3
"S1665","Stamos","control","NonEnglish",0.5737,0.8149,1,0.96,0.2412,3,2,3,3
"S1666","Stamos","control","NonEnglish",0.5779,0.946,1,0.99,0.3681,5,1,3,2
"S1667","Stamos","control","NonEnglish",0.5826,0.832,1,0.9,0.2494,4,1,3,2
"S1668","Stamos","control","NonEnglish",0.5873,0.9427,1,0.93,0.3554,1,1,5,1
"S1669","Stamos","depletion","NonEnglish",0.5955,0.9611,1,0.98,0.3656,4,5,3,3
"S1670","Stamos","depletion","NonEnglish",0.5981,0.8064,1,0.97,0.2083,6,5,5,3
"S1671","Stamos","control","NonEnglish",0.609,0.9943,1,0.98,0.3852,4,1,5,4
"S1672","Stamos","depletion","NonEnglish",0.617,0.8586,1,0.95,0.2416,4,2,6,1
"S1673","Stamos","control","NonEnglish",0.6172,0.908,1,0.95,0.2909,2,1,5,4
"S1674","Stamos","depletion","NonEnglish",0.6256,1.0189,1,0.94,0.3932,3,3,4,2
"S1675","Stamos","depletion","NonEnglish",0.6259,0.8681,0.99,0.96,0.2422,3,4,1,3
"S1676","Stamos","control","NonEnglish",0.6299,0.9973,1,0.93,0.3674,4,3,3,1
"S1677","Stamos","control","NonEnglish",0.633,0.9908,1,0.95,0.3578,6,2,4,6
"S1678","Stamos","depletion","NonEnglish",0.6338,1.0914,1,0.97,0.4576,5,4,2,5
"S1679","Stamos","control","NonEnglish",0.6342,0.8171,1,1,0.1829,6,1,1,1
"S1680","Stamos","control","NonEnglish",0.6405,0.8867,1,0.98,0.2462,2,2,4,2
"S1681","Stamos","control","NonEnglish",0.6439,0.9701,0.99,0.97,0.3262,5,2,5,1
"S1682","Stamos","depletion","NonEnglish",0.6483,0.9501,0.99,0.92,0.3018,4,4,2,3
"S1683","Stamos","control","NonEnglish",0.6519,1.0947,1,0.95,0.4428,5,2,3,2
"S1684","Stamos","depletion","NonEnglish",0.6542,0.9411,0.99,0.92,0.2868,5,5,4,5
"S1685","Stamos","control","NonEnglish",0.6583,0.9621,0.97,0.94,0.3039,2,2,4,4
"S1686","Stamos","depletion","NonEnglish",0.6615,1.001,0.99,0.83,0.3394,5,5,1,5
"S1687","Stamos","depletion","NonEnglish",0.668,0.9167,1,0.96,0.2487,5,5,4,4
"S1688","Stamos","control","NonEnglish",0.6749,1.1398,1,0.96,0.4649,6,2,5,6
"S1689","Stamos","depletion","NonEnglish",0.6766,0.9206,1,1,0.244,6,4,3,1
"S1690","Stamos","depletion","NonEnglish",0.6772,0.8249,0.91,0.7,0.1476,6,4,6,2
"S1691","Stamos","depletion","NonEnglish",0.6774,1.0888,1,0.89,0.4114,6,6,3,4
"S1692","Stamos","depletion","NonEnglish",0.679,0.8794,1,0.98,0.2003,3,4,2,2
"S1693","Stamos","depletion","NonEnglish",0.7016,1.0267,1,0.87,0.3252,7,4,4,1
"S1694","Stamos","depletion","NonEnglish",0.733,0.9132,1,0.98,0.1802,6,2,2,1
"S1695","Stamos","depletion","NonEnglish",0.7339,1.0725,1,0.98,0.3385,5,5,4,3
"S1696","Stamos","depletion","NonEnglish",0.7431,0.9454,0.99,0.98,0.2023,6,3,5,5
"S1697","Stamos","control","NonEnglish",0.7433,0.9086,0.99,1,0.1653,4,1,1,1
"S1698","Stamos","control","NonEnglish",0.7528,1.0891,1,0.89,0.3363,5,2,2,3
"S1699","Stamos","depletion","NonEnglish",0.7538,0.9202,1,1,0.1664,6,3,5,3
"S1700","Stamos","control","NonEnglish",0.7698,0.947,1,1,0.1772,3,1,4,1
"S1701","Stamos","control","NonEnglish",0.7734,1.0297,1,0.94,0.2563,5,2,2,1
"S1702","Stamos","depletion","NonEnglish",0.7746,0.9615,1,0.9,0.187,5,5,4,4
"S1703","Stamos","control","NonEnglish",0.7829,1.1903,1,0.99,0.4074,4,2,5,2
"S1704","Stamos","depletion","NonEnglish",0.7854,1.2641,1,0.98,0.4787,5,6,4,4
"S1705","Stamos","depletion","NonEnglish",0.8099,1.21,1,0.96,0.4001,6,5,5,3
"S1706","Stamos","depletion","NonEnglish",0.8214,1.1393,1,0.99,0.3179,6,3,3,4
"S1707","Stamos","control","NonEnglish",0.8291,1.2346,0.98,0.95,0.4055,7,2,2,1
"S1708","Stamos","control","NonEnglish",0.8381,1.1264,1,0.99,0.2884,6,2,4,2
"S1709","Stamos","depletion","NonEnglish",0.8426,1.0229,1,0.95,0.1803,6,4,3,4
"S1710","Stamos","depletion","NonEnglish",0.8513,0.9957,1,0.97,0.1444,4,5,4,3
"S1711","Stamos","control","NonEnglish",0.8539,1.1907,1,0.97,0.3368,1,1,2,3
"S1712","Stamos","depletion","NonEnglish",0.8548,1.2037,0.99,0.93,0.3489,5,6,4,2
"S1713","Stamos","depletion","NonEnglish",0.8691,1.225,0.99,0.98,0.3559,3,2,3,1
"S1714","Stamos","control","NonEnglish",0.9333,1.2266,0.99,0.98,0.2934,5,2,4,2
"S1715","Stamos","control","NonEnglish",0.9654,1.1832,0.99,0.99,0.2178,7,1,4,3
"S1716","Stamos","depletion","NonEnglish",0.9704,1.2289,1,0.98,0.2586,5,2,6,4
"S1717","Ullrich","control","NonEnglish",0.4102,0.7051,1,0.88,0.2949,2,2,4,1
"S1718","Ullrich","control","NonEnglish",0.4239,0.747,0.99,0.94,0.3231,2,2,1,2
"S1719","Ullrich","depletion","NonEnglish",0.4411,0.7352,1,0.92,0.2941,2,2,4,2
"S1720","Ullrich","depletion","NonEnglish",0.444,0.7444,1,0.85,0.3005,3,3,5,2
"S1721","Ullrich","control","NonEnglish",0.4483,0.6706,1,0.92,0.2223,2,2,1,1
"S1722","Ullrich","depletion","NonEnglish",0.4488,0.8874,0.97,0.91,0.4386,5,5,4,5
"S1723","Ullrich","control","NonEnglish",0.4495,0.7898,1,0.92,0.3403,2,1,4,1
"S1724","Ullrich","control","NonEnglish",0.4501,0.7899,1,0.97,0.3398,2,1,1,1
"S1725","Ullrich","control","NonEnglish",0.4553,0.6983,1,0.93,0.2429,2,1,4,2
"S1726","Ullrich","depletion","NonEnglish",0.4673,0.7886,1,0.9,0.3213,5,5,4,4
"S1727","Ullrich","control","NonEnglish",0.4769,0.8281,1,0.97,0.3512,2,1,2,1
"S1728","Ullrich","depletion","NonEnglish",0.4779,0.7951,1,0.84,0.3172,3,3,3,3
"S1729","Ullrich","control","NonEnglish",0.4783,0.8425,1,0.87,0.3642,1,1,2,1
"S1730","Ullrich","depletion","NonEnglish",0.4834,0.7242,1,0.96,0.2407,5,6,3,2
"S1731","Ullrich","depletion","NonEnglish",0.4901,0.6568,1,0.98,0.1667,4,5,2,1
"S1732","Ullrich","depletion","NonEnglish",0.4907,0.8576,0.99,0.72,0.3669,2,2,5,4
"S1733","Ullrich","control","NonEnglish",0.4918,0.8545,1,0.91,0.3628,4,2,2,1
"S1734","Ullrich","control","NonEnglish",0.4949,0.8235,1,0.91,0.3286,5,2,3,3
"S1735","Ullrich","control","NonEnglish",0.4955,0.8749,1,0.84,0.3794,1,1,4,2
"S1736","Ullrich","control","NonEnglish",0.4963,0.7724,1,0.95,0.2761,2,2,1,3
"S1737","Ullrich","depletion","NonEnglish",0.4973,0.9265,1,0.99,0.4292,3,3,3,2
"S1738","Ullrich","depletion","NonEnglish",0.4975,0.7553,1,0.94,0.2578,2,3,3,1
"S1739","Ullrich","depletion","NonEnglish",0.4979,0.8783,1,0.96,0.3804,1,1,1,1
"S1740","Ullrich","control","NonEnglish",0.4979,0.7354,0.96,0.73,0.2374,4,5,2,2
"S1741","Ullrich","depletion","NonEnglish",0.5008,1.0505,0.96,0.95,0.5497,2,3,2,1
"S1742","Ullrich","depletion","NonEnglish",0.501,0.775,1,0.83,0.274,3,5,3,1
"S1743","Ullrich","control","NonEnglish",0.5041,0.8412,1,0.99,0.3371,3,2,1,1
"S1744","Ullrich","depletion","NonEnglish",0.5066,0.8106,1,0.87,0.3039,6,6,5,3
"S1745","Ullrich","depletion","NonEnglish",0.5076,0.7802,1,0.86,0.2726,4,3,1,2
"S1746","Ullrich","depletion","NonEnglish",0.5088,0.776,1,0.89,0.2672,5,5,3,2
"S1747","Ullrich","depletion","NonEnglish",0.5112,0.7891,1,0.95,0.2779,4,3,3,1
"S1748","Ullrich","control","NonEnglish",0.5121,0.8063,1,0.93,0.2942,2,1,3,3
"S1749","Ullrich","control","NonEnglish",0.5135,0.8858,0.99,0.88,0.3723,2,2,1,2
"S1750","Ullrich","control","NonEnglish",0.5138,0.9865,1,0.89,0.4727,3.5,2.5,4.5,1.5
"S1751","Ullrich","control","NonEnglish",0.5152,0.8192,1,0.96,0.304,2,1,3,1
"S1752","Ullrich","control","NonEnglish",0.5168,0.7897,1,0.86,0.2729,2,2,1,2
"S1753","Ullrich","control","NonEnglish",0.5176,0.8449,1,0.9,0.3273,2,2,2,4
"S1754","Ullrich","depletion","NonEnglish",0.5201,0.7816,1,0.91,0.2615,4,3,1,2
"S1755","Ullrich","control","NonEnglish",0.5223,0.8002,0.97,0.84,0.2778,2,2,3,1
"S1756","Ullrich","control","NonEnglish",0.5269,0.8517,1,0.89,0.3248,2,1,2,1
"S1757","Ullrich","control","NonEnglish",0.5274,0.9107,1,0.94,0.3833,2,1,2,1
"S1758","Ullrich","depletion","NonEnglish",0.5276,0.8568,1,0.95,0.3292,5,4,2,3
"S1759","Ullrich","control","NonEnglish",0.5308,0.8808,1,0.88,0.35,2,3,1,2
"S1760","Ullrich","control","NonEnglish",0.5316,1.0093,1,0.92,0.4777,3,1,4,2
"S1761","Ullrich","depletion","NonEnglish",0.5324,0.8743,1,0.89,0.3419,5,3,3,2
"S1762","Ullrich","depletion","NonEnglish",0.5365,0.8644,0.99,0.7,0.328,6,1,3,2
"S1763","Ullrich","depletion","NonEnglish",0.5367,0.8242,1,0.97,0.2875,5,3,3,3
"S1764","Ullrich","control","NonEnglish",0.5375,0.846,1,0.68,0.3085,3,1,1,1
"S1765","Ullrich","depletion","NonEnglish",0.5404,0.8997,1,0.98,0.3593,4,5,4,5
"S1766","Ullrich","control","NonEnglish",0.5406,0.8104,1,0.94,0.2698,2,2,1,1
"S1767","Ullrich","depletion","NonEnglish",0.5418,0.9365,1,0.94,0.3947,3,5,5,4
"S1768","Ullrich","control","NonEnglish",0.5457,0.7714,1,0.94,0.2257,2,2,3,3
"S1769","Ullrich","control","NonEnglish",0.5474,0.8565,1,0.96,0.3092,3,1,4,1
"S1770","Ullrich","depletion","NonEnglish",0.55,0.9159,1,0.94,0.3659,5,2,3,2
"S1771","Ullrich","depletion","NonEnglish",0.5523,0.9483,1,0.9,0.396,4,5,4,2
"S1772","Ullrich","control","NonEnglish",0.5526,0.8401,1,0.91,0.2875,2,2,5,3
"S1773","Ullrich","control","NonEnglish",0.5566,0.9923,0.99,0.92,0.4357,4,3,2,1
"S1774","Ullrich","control","NonEnglish",0.5613,0.8917,1,0.97,0.3304,3,2,1,1
"S1775","Ullrich","control","NonEnglish",0.565,0.8344,1,0.93,0.2694,2,2,3,2
"S1776","Ullrich","control","NonEnglish",0.5696,0.8272,0.97,0.87,0.2576,2,1,5,1
"S1777","Ullrich","depletion","NonEnglish",0.5711,0.993,1,0.87,0.4219,5,4,2,1
"S1778","Ullrich","depletion","NonEnglish",0.5774,1.0601,0.99,0.92,0.4827,5,4,4,2
"S1779","Ullrich","control","NonEnglish",0.5799,0.9379,1,0.93,0.3581,1,1,1,2
"S1780","Ullrich","depletion","NonEnglish",0.5891,0.8796,1,0.95,0.2905,3,5,3,5
"S1781","Ullrich","control","NonEnglish",0.5894,0.8437,0.98,0.86,0.2542,2,1,6,1
"S1782","Ullrich","depletion","NonEnglish",0.5901,0.9278,0.99,0.92,0.3377,4,5,2,3
"S1783","Ullrich","depletion","NonEnglish",0.5903,0.8641,1,0.89,0.2738,4,2,1,2
"S1784","Ullrich","control","NonEnglish",0.5907,0.9031,0.99,0.84,0.3124,4,2,4,4
"S1785","Ullrich","control","NonEnglish",0.5947,0.9912,1,0.95,0.3965,2,3,2,1
"S1786","Ullrich","depletion","NonEnglish",0.5952,0.9326,1,0.91,0.3374,5,5,2,3
"S1787","Ullrich","control","NonEnglish",0.5997,0.9251,1,0.86,0.3253,3,2,3,1
"S1788","Ullrich","depletion","NonEnglish",0.6017,0.7544,1,0.99,0.1527,2,2,3,1
"S1789","Ullrich","depletion","NonEnglish",0.6042,0.8791,0.99,0.83,0.2748,3,3,1,1
"S1790","Ullrich","depletion","NonEnglish",0.6054,0.9285,1,0.97,0.3231,3,4,2,2
"S1791","Ullrich","depletion","NonEnglish",0.6127,0.8289,1,0.97,0.2162,4,3,5,2
"S1792","Ullrich","control","NonEnglish",0.6258,0.8235,0.97,0.89,0.1977,2,1,6,1
"S1793","Ullrich","control","NonEnglish",0.6276,0.9303,1,0.96,0.3027,1,2,1,1
"S1794","Ullrich","control","NonEnglish",0.6323,0.9791,1,0.93,0.3468,3,2,4,2
"S1795","Ullrich","depletion","NonEnglish",0.633,0.9049,0.99,0.88,0.2718,5,3,4,2
"S1796","Ullrich","depletion","NonEnglish",0.6333,0.9945,0.99,0.95,0.3612,5,3,3,2
"S1797","Ullrich","control","NonEnglish",0.64,1.1022,1,0.99,0.4622,2,1,1,2
"S1798","Ullrich","control","NonEnglish",0.6417,0.9481,0.99,0.86,0.3064,1,1,2,1
"S1799","Ullrich","control","NonEnglish",0.6421,1.0121,1,0.96,0.3699,1,2,2,1
"S1800","Ullrich","depletion","NonEnglish",0.6545,0.7268,1,0.99,0.0723,4,3,1,3
"S1801","Ullrich","control","NonEnglish",0.6614,1.0321,0.98,0.93,0.3707,2,2,2,1
"S1802","Ullrich","control","NonEnglish",0.676,1.0847,1,0.98,0.4087,2,1,3,1
"S1803","Ullrich","depletion","NonEnglish",0.677,0.966,0.99,0.94,0.289,2,4,2,1
"S1804","Ullrich","control","NonEnglish",0.6836,0.902,1,0.99,0.2183,2,2,1,1
"S1805","Ullrich","depletion","NonEnglish",0.6842,1.0323,1,0.93,0.3481,6,5,2,2
"S1806","Ullrich","depletion","NonEnglish",0.6907,1.039,1,0.97,0.3483,4,3,2,2
"S1807","Ullrich","depletion","NonEnglish",0.6915,0.9845,1,0.99,0.293,5,5,2,3
"S1808","Ullrich","depletion","NonEnglish",0.6957,1.1003,1,0.86,0.4046,4,2,4,1
"S1809","Ullrich","depletion","NonEnglish",0.7183,1.0635,0.96,0.92,0.3452,5,2,6,3
"S1810","Ullrich","depletion","NonEnglish",0.7205,0.9216,0.99,0.95,0.2011,3,2,2,4
"S1811","Ullrich","depletion","NonEnglish",0.7231,1.1579,1,0.93,0.4348,5,4,3,2
"S1812","Ullrich","depletion","NonEnglish",0.7284,1.045,1,0.95,0.3167,3,3,2,3
"S1813","Ullrich","depletion","NonEnglish",0.7548,1.1012,1,0.97,0.3464,2,5,3,5
"S1814","Ullrich","control","NonEnglish",0.77,1.2096,1,0.86,0.4396,1,1,2,2
"S1815","Ullrich","control","NonEnglish",0.7745,0.9826,0.99,0.92,0.2081,1,1,1,1
"S1816","Ullrich","control","NonEnglish",0.791,1.0144,1,0.96,0.2234,1,1,1,1
"S1817","Ullrich","control","NonEnglish",0.7942,1.1291,1,0.95,0.3348,3,1,4,2
"S1818","Ullrich","control","NonEnglish",0.7983,0.9988,1,0.97,0.2004,4,2,3,1
"S1819","Ullrich","depletion","NonEnglish",1.0018,1.1075,1,0.96,0.1057,3,5,5,2
"S1820","vanDellen","control","English",0.427,0.829,1,0.83,0.402,2,1,3,1
"S1821","vanDellen","control","English",0.435,0.7305,1,0.81,0.2954,2,1,2,1
"S1822","vanDellen","depletion","English",0.4486,0.7824,1,0.67,0.3338,7,4,4,5
"S1823","vanDellen","control","English",0.4495,0.6537,1,0.85,0.2043,7,2,4,2
"S1824","vanDellen","depletion","English",0.4631,0.7641,1,0.69,0.301,7,5,4,5
"S1825","vanDellen","control","English",0.465,0.7124,1,0.84,0.2475,5,1,5,1
"S1826","vanDellen","depletion","English",0.4668,0.907,0.99,0.67,0.4403,6,4,6,5
"S1827","vanDellen","control","English",0.4687,0.6659,0.97,0.64,0.1972,6,1,6,3
"S1828","vanDellen","depletion","English",0.4712,0.7696,1,0.89,0.2985,7,6,4,6
"S1829","vanDellen","control","English",0.4808,0.7809,0.97,0.86,0.3001,6,2,6,3
"S1830","vanDellen","depletion","English",0.4829,0.6848,0.98,0.9,0.2019,6,5,6,6
"S1831","vanDellen","depletion","English",0.4843,0.7315,1,0.77,0.2471,6,4,5,4
"S1832","vanDellen","control","English",0.4873,0.8006,1,0.94,0.3134,3,3,4,2
"S1833","vanDellen","control","English",0.4877,0.7792,0.99,0.89,0.2915,2,1,5,5
"S1834","vanDellen","depletion","English",0.4891,0.8497,0.99,0.66,0.3607,6,4,3,1
"S1835","vanDellen","control","English",0.4898,0.7572,0.99,0.88,0.2674,6,2,2,3
"S1836","vanDellen","depletion","English",0.4926,0.8267,1,0.76,0.3341,6,5,7,4
"S1837","vanDellen","depletion","English",0.5022,0.7123,1,0.89,0.2102,6,1,3,1
"S1838","vanDellen","control","English",0.5185,0.8192,0.99,0.78,0.3008,6,2,5,6
"S1839","vanDellen","control","English",0.5197,0.7745,1,0.79,0.2548,3,2,2,4
"S1840","vanDellen","control","English",0.5229,0.835,1,0.97,0.3122,4,2,5,1
"S1841","vanDellen","depletion","English",0.5236,0.8091,1,0.94,0.2855,5,4,4,5
"S1842","vanDellen","depletion","English",0.5261,0.8918,0.98,0.95,0.3657,6,5,5,5
"S1843","vanDellen","control","English",0.5263,0.7256,0.99,0.79,0.1994,4,1,5,1
"S1844","vanDellen","control","English",0.5319,0.7847,0.99,0.76,0.2528,7,1,5,3
"S1845","vanDellen","control","English",0.5348,0.8467,1,0.84,0.3119,7,2,6,1
"S1846","vanDellen","depletion","English",0.5377,0.9315,1,0.71,0.3938,5,6,3,6
"S1847","vanDellen","control","English",0.5379,0.9127,1,0.92,0.3748,7,2,5,3
"S1848","vanDellen","control","English",0.5415,0.9704,0.99,0.89,0.4289,3,3,5,4
"S1849","vanDellen","depletion","English",0.5416,0.7825,0.98,0.84,0.2409,6,3,5,5
"S1850","vanDellen","depletion","English",0.5448,0.8397,0.98,0.95,0.2949,4,5,7,5
"S1851","vanDellen","control","English",0.5458,0.8029,0.99,0.93,0.2571,6,6,2,5
"S1852","vanDellen","control","English",0.5478,0.9181,0.99,0.88,0.3703,5,1,5,1
"S1853","vanDellen","control","English",0.5513,0.8601,0.94,0.69,0.3087,1,1,2,1
"S1854","vanDellen","control","English",0.5546,0.8439,1,0.92,0.2894,5,1,2,3
"S1855","vanDellen","depletion","English",0.559,0.8815,1,0.86,0.3224,6,5,4,5
"S1856","vanDellen","depletion","English",0.5611,0.8274,1,0.87,0.2663,6,7,3,5
"S1857","vanDellen","control","English",0.5713,0.7923,0.95,0.79,0.2211,5,5,7,3
"S1858","vanDellen","control","English",0.5746,0.8232,0.99,0.89,0.2487,6,2,3,1
"S1859","vanDellen","control","English",0.5755,0.9961,0.99,0.88,0.4206,7,1,6,5
"S1860","vanDellen","control","English",0.579,0.9692,0.99,0.85,0.3901,5,1,7,5
"S1861","vanDellen","depletion","English",0.5813,0.9332,0.97,0.81,0.3519,7,5,7,3
"S1862","vanDellen","depletion","English",0.5902,0.9491,1,0.85,0.359,5,4,2,2
"S1863","vanDellen","depletion","English",0.5915,0.8349,0.99,0.94,0.2435,7,3,2,2
"S1864","vanDellen","depletion","English",0.5927,0.9392,1,0.98,0.3466,1,3,4,1
"S1865","vanDellen","depletion","English",0.5933,0.9474,1,0.77,0.354,4,4,2,2
"S1866","vanDellen","control","English",0.5934,0.8767,0.99,0.88,0.2833,7,1,7,2
"S1867","vanDellen","depletion","English",0.5973,1.0002,0.98,0.87,0.4029,7,6,6,4
"S1868","vanDellen","control","English",0.5986,0.9959,1,0.89,0.3973,5,2,2,2
"S1869","vanDellen","depletion","English",0.606,0.9349,1,0.94,0.3288,7,5,5,5
"S1870","vanDellen","depletion","English",0.6072,0.999,0.98,0.71,0.3918,6,2,5,5
"S1871","vanDellen","control","English",0.6104,1.0141,1,0.96,0.4037,5,2,2,1
"S1872","vanDellen","depletion","English",0.6155,1.1131,0.98,0.97,0.4975,4,6,6,7
"S1873","vanDellen","depletion","English",0.6156,1.1106,1,0.98,0.495,6,2,2,2
"S1874","vanDellen","depletion","English",0.6237,1.063,1,0.96,0.4393,5,2,2,2
"S1875","vanDellen","control","English",0.6268,0.8961,1,0.89,0.2694,5,2,3,2
"S1876","vanDellen","depletion","English",0.6278,0.9914,0.99,0.97,0.3636,5,4,4,3
"S1877","vanDellen","control","English",0.6344,0.9386,1,0.93,0.3043,2,1,1,5
"S1878","vanDellen","depletion","English",0.6378,0.9146,1,0.94,0.2767,6,5,4,3
"S1879","vanDellen","depletion","English",0.6466,1.0043,0.99,0.87,0.3577,5,6,7,5
"S1880","vanDellen","control","English",0.6542,1.0142,1,0.91,0.36,3,4,4,1
"S1881","vanDellen","depletion","English",0.6543,1.0382,0.98,0.76,0.3839,5,3,4,5
"S1882","vanDellen","depletion","English",0.6554,0.8617,1,0.94,0.2063,3,4,1,1
"S1883","vanDellen","depletion","English",0.6581,1.0127,0.98,0.88,0.3546,6,6,7,6
"S1884","vanDellen","control","English",0.6625,0.9596,1,0.97,0.2971,3,2,3,3
"S1885","vanDellen","depletion","English",0.6757,1.0507,0.99,0.95,0.375,1,1,7,1
"S1886","vanDellen","control","English",0.7143,1.0474,1,0.94,0.3332,2,1,3,1
"S1887","vanDellen","depletion","English",0.7151,1.1376,1,0.96,0.4225,6,5,5,4
"S1888","vanDellen","depletion","English",0.73,1.0432,1,0.95,0.3132,6,5,7,6
"S1889","vanDellen","control","English",0.7365,1.0705,1,0.99,0.334,3,1,1,1
"S1890","vanDellen","depletion","English",0.751,1.1794,0.99,0.99,0.4284,6,6,7,7
"S1891","vanDellen","depletion","English",0.7668,1.1656,1,0.97,0.3988,6,7,4,6
"S1892","vanDellen","depletion","English",0.7893,1.2297,1,1,0.4405,5,4,5,5
"S1893","vanDellen","control","English",0.8274,1.1717,1,0.97,0.3443,5,1,5,1
"S1894","vanDellen","depletion","English",0.8706,1.2106,0.98,0.98,0.34,6,4,3,2
"S1895","vanDellen","control","English",0.899,1.1008,0.99,0.9,0.2017,6,1,6,1
"S1896","vanDellen","depletion","English",0.9139,1.2248,0.98,0.96,0.3109,4,5,2,3
"S1897","vanDellen","depletion","English",0.9185,1.2024,1,0.99,0.2839,6,3,2,1
"S1898","vanDellen","control","English",1.1004,1.2364,1,0.98,0.136,5,1,2,4
"S1899","Wolff","depletion","NonEnglish",0.4452,0.7765,0.99,0.89,0.3314,4,5,6,5
"S1900","Wolff","control","NonEnglish",0.4494,0.7753,1,0.95,0.3258,6,2,5,5
"S1901","Wolff","depletion","NonEnglish",0.471,0.7546,1,0.94,0.2836,4,6,1,4
"S1902","Wolff","control","NonEnglish",0.473,0.7898,0.99,0.87,0.3168,1,1,2,6
"S1903","Wolff","control","NonEnglish",0.477,0.7561,1,0.93,0.2791,1,1,3,2
"S1904","Wolff","control","NonEnglish",0.4793,0.8404,1,0.88,0.3611,2,2,1,1
"S1905","Wolff","control","NonEnglish",0.4836,0.7212,1,0.74,0.2376,2,2,3,2
"S1906","Wolff","control","NonEnglish",0.4837,0.779,0.98,0.88,0.2953,1,1,7,4
"S1907","Wolff","control","NonEnglish",0.4897,0.9118,1,0.92,0.4221,2,2,4,1
"S1908","Wolff","control","NonEnglish",0.4904,0.8931,1,0.83,0.4026,2,2,2,1
"S1909","Wolff","control","NonEnglish",0.5004,0.8704,1,0.96,0.37,4,1,5,1
"S1910","Wolff","control","NonEnglish",0.5159,0.7027,1,0.97,0.1868,4,4,3,2
"S1911","Wolff","depletion","NonEnglish",0.519,0.7631,1,0.95,0.2441,3,6,6,4
"S1912","Wolff","control","NonEnglish",0.5192,0.8662,1,0.95,0.347,3,2,2,2
"S1913","Wolff","control","NonEnglish",0.5224,0.8256,1,0.88,0.3032,2,1,3,1
"S1914","Wolff","control","NonEnglish",0.5225,0.7973,1,0.98,0.2748,3,1,2,1
"S1915","Wolff","depletion","NonEnglish",0.5251,0.8714,1,0.87,0.3462,6,6,6,5
"S1916","Wolff","depletion","NonEnglish",0.5255,0.8728,1,0.85,0.3474,3,3,1,1
"S1917","Wolff","control","NonEnglish",0.5256,0.8494,0.98,0.75,0.3238,1,2,2,1
"S1918","Wolff","control","NonEnglish",0.5308,0.8603,1,0.97,0.3295,3,2,5,2
"S1919","Wolff","control","NonEnglish",0.5355,0.9048,1,0.8,0.3693,1,1,5,6
"S1920","Wolff","depletion","NonEnglish",0.5358,0.8177,1,0.97,0.2819,5,5,4,3
"S1921","Wolff","depletion","NonEnglish",0.5366,0.8678,1,0.93,0.3313,4,4,2,7
"S1922","Wolff","depletion","NonEnglish",0.5368,0.8874,1,0.92,0.3506,5,5,6,3
"S1923","Wolff","depletion","NonEnglish",0.5371,1.0502,1,0.93,0.5131,4,5,5,6
"S1924","Wolff","depletion","NonEnglish",0.5415,0.8655,1,0.91,0.324,6,6,2,6
"S1925","Wolff","depletion","NonEnglish",0.5434,0.9426,1,0.97,0.3992,3,3,5,2
"S1926","Wolff","control","NonEnglish",0.5434,1.0568,1,0.96,0.5134,1,1,1,1
"S1927","Wolff","depletion","NonEnglish",0.548,0.819,1,0.96,0.271,6,4,2,6
"S1928","Wolff","control","NonEnglish",0.55,0.8966,1,0.91,0.3466,3,3,4,4
"S1929","Wolff","control","NonEnglish",0.5518,0.8684,1,0.93,0.3166,2,1,2,1
"S1930","Wolff","control","NonEnglish",0.5546,0.9664,1,0.94,0.4118,2,3,5,1
"S1931","Wolff","control","NonEnglish",0.5582,1.024,1,0.97,0.4657,2,1,4,1
"S1932","Wolff","depletion","NonEnglish",0.5601,0.8196,1,0.87,0.2595,4,4,2,1
"S1933","Wolff","depletion","NonEnglish",0.5603,0.9406,0.99,0.94,0.3803,6,4,5,5
"S1934","Wolff","control","NonEnglish",0.5605,0.833,1,0.9,0.2725,4,2,3,1
"S1935","Wolff","control","NonEnglish",0.5619,0.9268,0.99,0.99,0.3649,5,7,5,7
"S1936","Wolff","control","NonEnglish",0.5619,0.8357,1,0.96,0.2738,1,1,3,1
"S1937","Wolff","control","NonEnglish",0.5631,0.846,1,0.99,0.2828,2,2,1,1
"S1938","Wolff","control","NonEnglish",0.5635,0.8568,1,0.91,0.2933,2,2,3,1
"S1939","Wolff","control","NonEnglish",0.5646,0.778,0.99,0.95,0.2134,2,1,3,1
"S1940","Wolff","depletion","NonEnglish",0.5674,1.045,1,0.97,0.4776,4,3,6,2
"S1941","Wolff","control","NonEnglish",0.5698,0.9165,1,0.99,0.3467,1,2,2,1
"S1942","Wolff","control","NonEnglish",0.5708,0.8651,1,0.92,0.2943,1,1,2,1
"S1943","Wolff","depletion","NonEnglish",0.5782,1.0085,1,0.92,0.4302,5,5,6,3
"S1944","Wolff","control","NonEnglish",0.5794,0.8538,0.98,0.86,0.2744,2,1,5,1
"S1945","Wolff","depletion","NonEnglish",0.584,1.0641,1,0.99,0.4801,3,4,6,3
"S1946","Wolff","control","NonEnglish",0.5844,0.8412,0.97,0.94,0.2568,1,1,1,2
"S1947","Wolff","control","NonEnglish",0.5846,0.9478,1,0.95,0.3632,3,2,5,2
"S1948","Wolff","depletion","NonEnglish",0.5848,0.9267,1,1,0.3419,4,5,5,4
"S1949","Wolff","depletion","NonEnglish",0.5867,0.9342,1,0.88,0.3476,5,4,3,2
"S1950","Wolff","depletion","NonEnglish",0.5976,1.0082,0.99,0.87,0.4106,5,5,5,2
"S1951","Wolff","depletion","NonEnglish",0.5997,0.9183,1,0.99,0.3186,5,5,2,2
"S1952","Wolff","control","NonEnglish",0.6012,0.8491,1,0.97,0.2479,4,2,5,4
"S1953","Wolff","depletion","NonEnglish",0.607,0.9864,1,0.85,0.3794,5,4,6,5
"S1954","Wolff","depletion","NonEnglish",0.615,1.063,0.98,0.9,0.448,4,4,7,1
"S1955","Wolff","depletion","NonEnglish",0.6233,0.9108,0.99,0.99,0.2875,3,4,2,2
"S1956","Wolff","depletion","NonEnglish",0.6392,0.9367,1,0.96,0.2975,2,3,5,4
"S1957","Wolff","depletion","NonEnglish",0.6417,1.0801,1,0.89,0.4384,5,4,3,3
"S1958","Wolff","control","NonEnglish",0.6451,1.0588,1,0.92,0.4136,4,2,6,3
"S1959","Wolff","depletion","NonEnglish",0.654,0.9266,0.99,0.84,0.2726,5,5,1,6
"S1960","Wolff","control","NonEnglish",0.655,1.1124,1,0.96,0.4574,2,1,6,3
"S1961","Wolff","control","NonEnglish",0.655,1.1038,0.98,0.92,0.4488,2,2,6,2
"S1962","Wolff","control","NonEnglish",0.6603,0.9599,1,0.99,0.2996,2,2,6,2
"S1963","Wolff","control","NonEnglish",0.6625,1.0937,0.99,0.97,0.4312,2,1,4,1
"S1964","Wolff","control","NonEnglish",0.6729,1.0047,0.98,0.97,0.3319,4,2,2,1
"S1965","Wolff","control","NonEnglish",0.6737,0.9307,1,0.96,0.257,1,1,4,4
"S1966","Wolff","control","NonEnglish",0.6764,1.0465,0.95,0.92,0.3701,3,3,6,7
"S1967","Wolff","control","NonEnglish",0.6816,0.9537,0.96,0.9,0.2721,3,3,4,2
"S1968","Wolff","depletion","NonEnglish",0.684,1.0705,1,0.98,0.3865,2,2,1,2
"S1969","Wolff","depletion","NonEnglish",0.6905,1.0286,0.99,1,0.3381,3,3,4,1
"S1970","Wolff","control","NonEnglish",0.6919,0.9924,1,0.98,0.3005,2,1,4,4
"S1971","Wolff","depletion","NonEnglish",0.6934,0.9199,1,0.96,0.2265,6,3,6,2
"S1972","Wolff","control","NonEnglish",0.6948,1.0945,1,0.95,0.3998,3,2,4,5
"S1973","Wolff","depletion","NonEnglish",0.7073,1.1981,1,0.88,0.4908,2,3,4,1
"S1974","Wolff","depletion","NonEnglish",0.7086,1.0191,1,0.9,0.3105,4,3,3,2
"S1975","Wolff","depletion","NonEnglish",0.7116,1.1217,0.98,0.9,0.4101,4,3,6,1
"S1976","Wolff","depletion","NonEnglish",0.7187,1.1587,1,0.91,0.44,3,4,5,4
"S1977","Wolff","control","NonEnglish",0.7218,1.1612,1,0.98,0.4394,2,2,4,1
"S1978","Wolff","depletion","NonEnglish",0.7347,1.1921,1,0.92,0.4573,5,7,3,4
"S1979","Wolff","control","NonEnglish",0.7443,1.1392,1,0.9,0.3949,1,1,7,1
"S1980","Wolff","depletion","NonEnglish",0.7551,1.0234,1,0.93,0.2683,3,2,4,1
"S1981","Wolff","control","NonEnglish",0.7825,1.1147,0.98,0.98,0.3322,2,2,7,3
"S1982","Wolff","control","NonEnglish",0.8111,1.1492,0.94,0.88,0.3381,3,3,5,2
"S1983","Wolff","depletion","NonEnglish",0.8311,1.1517,1,0.99,0.3206,2,1,1,1
"S1984","Wolff","control","NonEnglish",0.8401,1.0325,1,0.94,0.1925,3,2,5,4
"S1985","Wolff","depletion","NonEnglish",0.966,1.1523,1,0.98,0.1862,3,4,2,2
"S1986","Yusainy","depletion","NonEnglish",0.38,0.5442,1,0.64,0.1641,2,3,3,1
"S1987","Yusainy","control","NonEnglish",0.4221,0.794,1,0.82,0.3719,5,3,3,4
"S1988","Yusainy","control","NonEnglish",0.4506,0.6422,1,0.77,0.1916,4,1,5,3
"S1989","Yusainy","control","NonEnglish",0.4524,0.655,0.99,0.82,0.2026,4,3,2,2
"S1990","Yusainy","control","NonEnglish",0.4574,0.7446,0.99,0.76,0.2872,3,2,4,2
"S1991","Yusainy","control","NonEnglish",0.4664,0.7323,0.97,0.88,0.2658,2,2,2,2
"S1992","Yusainy","control","NonEnglish",0.4691,0.7683,1,0.76,0.2992,5,4,3,6
"S1993","Yusainy","depletion","NonEnglish",0.4693,0.8369,0.99,0.78,0.3676,5,3,2,2
"S1994","Yusainy","control","NonEnglish",0.4736,0.6512,0.99,0.68,0.1777,6,6,5,2
"S1995","Yusainy","depletion","NonEnglish",0.4754,0.859,1,0.9,0.3836,3,2,2,1
"S1996","Yusainy","control","NonEnglish",0.4781,0.816,1,0.86,0.338,6,2,5,1
"S1997","Yusainy","control","NonEnglish",0.4791,0.7038,1,0.98,0.2247,7,4,3,4
"S1998","Yusainy","depletion","NonEnglish",0.4792,0.7719,1,0.91,0.2927,7,6,4,2
"S1999","Yusainy","control","NonEnglish",0.4818,0.7245,1,0.96,0.2428,3,2,3,3
"S2000","Yusainy","depletion","NonEnglish",0.4818,0.7666,1,0.84,0.2848,6,4,3,2
"S2001","Yusainy","depletion","NonEnglish",0.4822,0.7949,1,0.95,0.3128,3,2,1,1
"S2002","Yusainy","control","NonEnglish",0.4839,0.7024,1,0.78,0.2184,4,2,5,1
"S2003","Yusainy","control","NonEnglish",0.4895,0.7913,0.99,0.89,0.3018,2,3,1,3
"S2004","Yusainy","depletion","NonEnglish",0.4905,0.7213,1,0.72,0.2308,4,4,5,2
"S2005","Yusainy","depletion","NonEnglish",0.4933,0.6922,1,0.99,0.1989,2,2,2,1
"S2006","Yusainy","depletion","NonEnglish",0.4934,0.7561,1,0.98,0.2627,3,2,2,1
"S2007","Yusainy","control","NonEnglish",0.4951,0.7859,1,0.97,0.2909,2,2,3,1
"S2008","Yusainy","control","NonEnglish",0.5002,0.7772,1,0.92,0.277,3,2,2,3
"S2009","Yusainy","control","NonEnglish",0.5017,0.7179,1,0.73,0.2163,6,4,2,5
"S2010","Yusainy","depletion","NonEnglish",0.5018,0.9168,0.99,0.66,0.4149,4,2,2,2
"S2011","Yusainy","control","NonEnglish",0.5055,0.8288,0.99,0.87,0.3233,2,2,3,2
"S2012","Yusainy","depletion","NonEnglish",0.5088,0.751,0.99,0.94,0.2421,3,2,2,1
"S2013","Yusainy","control","NonEnglish",0.5095,0.7191,1,0.98,0.2096,2,2,4,1
"S2014","Yusainy","depletion","NonEnglish",0.5118,0.6333,0.96,0.86,0.1216,5,4,1,1
"S2015","Yusainy","control","NonEnglish",0.5126,0.7359,0.99,0.76,0.2233,5,5,1,1
"S2016","Yusainy","depletion","NonEnglish",0.5198,0.7556,1,0.74,0.2359,4,5,1,2
"S2017","Yusainy","depletion","NonEnglish",0.5198,0.757,1,0.92,0.2371,5,4,5,3
"S2018","Yusainy","depletion","NonEnglish",0.5226,0.7887,0.99,0.92,0.2661,3,3,4,3
"S2019","Yusainy","control","NonEnglish",0.5228,0.8355,0.98,0.9,0.3127,3,1,4,3
"S2020","Yusainy","depletion","NonEnglish",0.5256,0.7107,0.96,0.73,0.1851,7,5,2,1
"S2021","Yusainy","depletion","NonEnglish",0.526,0.7611,1,0.99,0.2351,6,3,7,4
"S2022","Yusainy","control","NonEnglish",0.5274,0.7187,0.99,0.98,0.1913,5,3,2,1
"S2023","Yusainy","control","NonEnglish",0.5279,0.9108,1,0.91,0.383,4,2,5,4
"S2024","Yusainy","control","NonEnglish",0.5284,0.8857,0.99,0.97,0.3573,2,2,3,2
"S2025","Yusainy","depletion","NonEnglish",0.536,0.7828,1,0.82,0.2469,6,4,4,4
"S2026","Yusainy","depletion","NonEnglish",0.5365,0.8874,1,0.97,0.3509,5,3,3,1
"S2027","Yusainy","depletion","NonEnglish",0.5372,0.8327,1,0.92,0.2955,3,4,3,2
"S2028","Yusainy","depletion","NonEnglish",0.5376,0.7895,1,0.77,0.2519,5,1,1,1
"S2029","Yusainy","depletion","NonEnglish",0.541,0.7725,1,0.99,0.2315,5,5,3,4
"S2030","Yusainy","control","NonEnglish",0.5432,0.8158,1,0.65,0.2726,5,2,1,1
"S2031","Yusainy","control","NonEnglish",0.5463,0.8523,0.99,0.84,0.306,5,2,2,1
"S2032","Yusainy","control","NonEnglish",0.5464,0.8454,1,0.69,0.299,7,5,4,2
"S2033","Yusainy","depletion","NonEnglish",0.5492,0.7553,1,0.87,0.2061,5,6,3,4
"S2034","Yusainy","control","NonEnglish",0.5517,0.8669,1,0.92,0.3152,6,2,1,1
"S2035","Yusainy","depletion","NonEnglish",0.5538,0.7558,0.99,0.99,0.2021,2,2,2,2
"S2036","Yusainy","control","NonEnglish",0.5549,0.8866,1,0.79,0.3317,4,3,2,1
"S2037","Yusainy","depletion","NonEnglish",0.5564,0.8742,1,0.89,0.3179,3,4,3,2
"S2038","Yusainy","depletion","NonEnglish",0.5575,0.777,1,0.93,0.2195,5,3,2,5
"S2039","Yusainy","control","NonEnglish",0.5594,0.8762,1,0.99,0.3168,6,3,3,2
"S2040","Yusainy","control","NonEnglish",0.5597,0.8784,1,0.87,0.3188,3,2,2,1
"S2041","Yusainy","control","NonEnglish",0.5619,0.9179,1,0.7,0.356,3,3,4,1
"S2042","Yusainy","control","NonEnglish",0.5621,0.8526,1,0.94,0.2905,6,2,3,1
"S2043","Yusainy","control","NonEnglish",0.5638,0.8515,0.99,0.9,0.2877,7,2,3,2
"S2044","Yusainy","depletion","NonEnglish",0.567,0.7846,1,0.96,0.2176,7,2,4,2
"S2045","Yusainy","control","NonEnglish",0.5671,0.8968,1,0.89,0.3297,4,3,4,2
"S2046","Yusainy","control","NonEnglish",0.574,0.8554,1,1,0.2815,2,1,2,2
"S2047","Yusainy","control","NonEnglish",0.5759,0.838,1,0.96,0.2621,2,2,3,1
"S2048","Yusainy","control","NonEnglish",0.5808,0.8605,1,0.93,0.2798,5,2,3,3
"S2049","Yusainy","depletion","NonEnglish",0.5826,0.8149,1,0.86,0.2324,6,3,4,2
"S2050","Yusainy","control","NonEnglish",0.5835,0.7574,1,0.95,0.1739,4,3,4,2
"S2051","Yusainy","depletion","NonEnglish",0.5852,0.82,1,0.91,0.2349,7,4,3,3
"S2052","Yusainy","control","NonEnglish",0.5902,0.8611,1,0.95,0.2708,3,3,2,1
"S2053","Yusainy","depletion","NonEnglish",0.5907,0.9468,0.98,0.83,0.3561,6,4,5,5
"S2054","Yusainy","control","NonEnglish",0.5913,0.8136,1,0.94,0.2222,4,5,4,5
"S2055","Yusainy","depletion","NonEnglish",0.5918,0.9617,1,0.71,0.3699,7,2,4,1
"S2056","Yusainy","control","NonEnglish",0.5928,0.8129,1,0.95,0.2201,3,2,1,1
"S2057","Yusainy","depletion","NonEnglish",0.5929,0.967,1,0.87,0.3741,6,4,4,2
"S2058","Yusainy","depletion","NonEnglish",0.5939,0.9871,1,0.96,0.3932,5,4,1,1
"S2059","Yusainy","depletion","NonEnglish",0.5984,0.8302,1,0.96,0.2318,6,4,3,3
"S2060","Yusainy","depletion","NonEnglish",0.5989,0.9257,1,0.94,0.3267,2,3,1,1
"S2061","Yusainy","depletion","NonEnglish",0.5998,0.9133,1,0.99,0.3135,4,3,3,2
"S2062","Yusainy","depletion","NonEnglish",0.6028,0.9232,1,0.82,0.3204,2,3,1,2
"S2063","Yusainy","control","NonEnglish",0.603,0.7769,1,0.98,0.174,7,1,3,2
"S2064","Yusainy","control","NonEnglish",0.6045,1.0593,1,0.87,0.4549,6,5,4,5
"S2065","Yusainy","control","NonEnglish",0.6049,0.9736,1,0.94,0.3687,5,2,2,1
"S2066","Yusainy","depletion","NonEnglish",0.6061,0.8582,1,0.96,0.2521,7,3,3,3
"S2067","Yusainy","depletion","NonEnglish",0.6062,0.882,1,1,0.2759,4,3,5,2
"S2068","Yusainy","depletion","NonEnglish",0.607,0.9225,1,1,0.3156,7,3,3,2
"S2069","Yusainy","depletion","NonEnglish",0.6105,0.794,1,0.96,0.1834,4,4,3,2
"S2070","Yusainy","control","NonEnglish",0.6125,0.8088,1,0.95,0.1964,2,2,5,4
"S2071","Yusainy","control","NonEnglish",0.6134,0.8083,1,0.97,0.1949,5,3,3,3
"S2072","Yusainy","control","NonEnglish",0.6159,0.8842,1,0.91,0.2683,4,3,4,2
"S2073","Yusainy","depletion","NonEnglish",0.6161,0.9923,1,0.64,0.3762,5,4,4,2
"S2074","Yusainy","depletion","NonEnglish",0.6178,0.8351,1,0.85,0.2173,6,3,3,1
"S2075","Yusainy","depletion","NonEnglish",0.6201,0.9473,1,0.99,0.3272,3,2,2,2
"S2076","Yusainy","depletion","NonEnglish",0.6202,0.926,1,0.94,0.3058,5,4,4,4
"S2077","Yusainy","depletion","NonEnglish",0.6202,0.955,1,0.96,0.3348,4,4,1,2
"S2078","Yusainy","depletion","NonEnglish",0.6232,1.0437,1,0.97,0.4205,6,3,2,1
"S2079","Yusainy","control","NonEnglish",0.6241,0.9392,1,0.89,0.3151,5,3,4,2
"S2080","Yusainy","control","NonEnglish",0.6259,0.9782,1,0.69,0.3524,3,3,5,1
"S2081","Yusainy","depletion","NonEnglish",0.6273,0.9929,1,0.97,0.3656,5,3,2,1
"S2082","Yusainy","control","NonEnglish",0.6277,0.903,1,0.97,0.2753,3,3,4,3
"S2083","Yusainy","depletion","NonEnglish",0.6312,0.8801,1,0.99,0.2489,5,3,4,3
"S2084","Yusainy","control","NonEnglish",0.6332,0.902,1,0.96,0.2689,2,1,2,1
"S2085","Yusainy","depletion","NonEnglish",0.6334,0.9271,1,0.93,0.2937,7,2,2,1
"S2086","Yusainy","control","NonEnglish",0.6344,0.8811,0.98,0.74,0.2466,3,2,3,2
"S2087","Yusainy","control","NonEnglish",0.6367,0.8999,1,0.95,0.2632,5,4,2,2
"S2088","Yusainy","depletion","NonEnglish",0.638,0.9393,1,0.95,0.3013,5,1,3,4
"S2089","Yusainy","depletion","NonEnglish",0.6384,0.9069,0.99,0.89,0.2685,5,3,3,3
"S2090","Yusainy","depletion","NonEnglish",0.6391,0.8834,1,0.94,0.2442,7,6,5,4
"S2091","Yusainy","depletion","NonEnglish",0.6497,0.9221,1,0.97,0.2724,7,1,1,1
"S2092","Yusainy","depletion","NonEnglish",0.6512,1.0131,1,0.98,0.3618,3,3,2,1
"S2093","Yusainy","depletion","NonEnglish",0.6597,1.0259,1,0.97,0.3662,7,3,6,1
"S2094","Yusainy","depletion","NonEnglish",0.6679,1.1504,1,0.93,0.4825,4,4,2,1
"S2095","Yusainy","depletion","NonEnglish",0.668,0.9472,1,0.94,0.2792,5,2,3,2
"S2096","Yusainy","depletion","NonEnglish",0.6723,1.0696,1,0.99,0.3973,6,5,2,1
"S2097","Yusainy","depletion","NonEnglish",0.675,0.9946,1,0.98,0.3196,5,4,3,2
"S2098","Yusainy","control","NonEnglish",0.6795,0.8339,1,1,0.1545,2,1,1,3
"S2099","Yusainy","control","NonEnglish",0.6804,0.992,1,0.99,0.3115,2,1,1,1
"S2100","Yusainy","depletion","NonEnglish",0.6806,0.8066,1,1,0.126,7,4,2,1
"S2101","Yusainy","depletion","NonEnglish",0.6826,0.8998,1,1,0.2172,6,3,4,1
"S2102","Yusainy","control","NonEnglish",0.6837,1.0132,0.99,0.95,0.3296,3,1,2,1
"S2103","Yusainy","control","NonEnglish",0.6881,0.9916,1,1,0.3034,2,1,1,1
"S2104","Yusainy","depletion","NonEnglish",0.6897,0.9899,1,0.97,0.3002,6,6,1,1
"S2105","Yusainy","depletion","NonEnglish",0.6991,0.9015,0.99,0.93,0.2024,7,5,5,3
"S2106","Yusainy","control","NonEnglish",0.7085,1.0092,1,0.98,0.3007,2,2,3,2
"S2107","Yusainy","depletion","NonEnglish",0.7086,0.9761,1,0.99,0.2675,5,2,2,1
"S2108","Yusainy","depletion","NonEnglish",0.7092,1.0348,1,0.98,0.3256,3,2,1,1
"S2109","Yusainy","control","NonEnglish",0.7156,1.04,1,0.89,0.3245,2,1,1,1
"S2110","Yusainy","depletion","NonEnglish",0.7158,0.9287,1,0.94,0.213,3,2,5,6
"S2111","Yusainy","depletion","NonEnglish",0.7219,1.0383,1,0.98,0.3164,6,3,1,1
"S2112","Yusainy","depletion","NonEnglish",0.7242,1.0227,0.98,0.98,0.2985,3,3,5,2
"S2113","Yusainy","depletion","NonEnglish",0.7396,1.1022,1,0.98,0.3627,3,3,3,1
"S2114","Yusainy","depletion","NonEnglish",0.7462,1.1341,1,0.98,0.3878,6,5,4,3
"S2115","Yusainy","control","NonEnglish",0.7479,1.0954,0.98,0.93,0.3475,2,2,1,1
"S2116","Yusainy","control","NonEnglish",0.7504,0.9214,1,0.95,0.171,4,1,3,1
"S2117","Yusainy","control","NonEnglish",0.7566,0.9807,1,0.97,0.2241,5,2,4,1
"S2118","Yusainy","control","NonEnglish",0.7598,1.0195,1,0.96,0.2597,3,2,1,1
"S2119","Yusainy","depletion","NonEnglish",0.7598,1.1398,1,0.91,0.3799,5,3,2,2
"S2120","Yusainy","depletion","NonEnglish",0.7637,1.0813,1,0.95,0.3176,6,4,3,4
"S2121","Yusainy","depletion","NonEnglish",0.7651,0.941,0.99,0.89,0.1758,5,4,4,1
"S2122","Yusainy","depletion","NonEnglish",0.766,1.137,1,0.98,0.3711,6,5,2,5
"S2123","Yusainy","depletion","NonEnglish",0.768,1.0531,1,0.91,0.2851,3,5,5,5
"S2124","Yusainy","control","NonEnglish",0.7712,1.0846,1,1,0.3134,2,1,2,1
"S2125","Yusainy","control","NonEnglish",0.7718,1.0361,1,0.95,0.2643,5,2,2,1
"S2126","Yusainy","depletion","NonEnglish",0.7779,1.079,1,0.98,0.3012,6,3,4,2
"S2127","Yusainy","control","NonEnglish",0.7927,1.1383,1,0.99,0.3456,2,1,1,1
"S2128","Yusainy","depletion","NonEnglish",0.8128,1.0807,1,0.98,0.2679,2,4,1,2
"S2129","Yusainy","depletion","NonEnglish",0.8296,1.0052,1,1,0.1757,6,5,1,1
"S2130","Yusainy","control","NonEnglish",0.8402,1.043,0.98,0.98,0.2028,3,4,5,2
"S2131","Yusainy","control","NonEnglish",0.844,1.0735,1,0.99,0.2295,2,1,2,2
"S2132","Yusainy","control","NonEnglish",0.8492,1.15,1,1,0.3008,3,2,4,3
"S2133","Yusainy","depletion","NonEnglish",0.8597,1.1804,1,0.98,0.3207,4,4,2,2
"S2134","Yusainy","control","NonEnglish",0.8668,1.0715,1,0.98,0.2046,3,3,2,1
"S2135","Yusainy","depletion","NonEnglish",0.8672,1.0916,1,0.96,0.2244,3,4,3,4
"S2136","Yusainy","control","NonEnglish",0.8686,1.1129,1,0.99,0.2443,3,3,6,4
"S2137","Yusainy","control","NonEnglish",0.8745,1.1223,0.99,0.91,0.2479,2,2,2,3
"S2138","Yusainy","depletion","NonEnglish",0.8806,1.1427,1,0.97,0.2621,5,2,4,3
"S2139","Yusainy","control","NonEnglish",0.8879,1.0984,1,0.98,0.2105,2,1,2,1
"S2140","Yusainy","control","NonEnglish",0.907,1.014,1,0.98,0.1071,2,2,2,3
"S2141","Yusainy","control","NonEnglish",1.0051,1.1937,1,0.99,0.1886,1,1,2,1
